"","X","Station","Species","DateTimeOriginal","Date","Time","delta.time.secs","delta.time.mins","delta.time.hours","delta.time.days","Directory","FileName","metadata_Species","HierarchicalSubject","DateTime2","Date2"
"1",26,"C1T2P1","Conepatus leuconotus","28/03/2018 2:34:00","28/03/2018","2:34:50",0,0,0,0,"Imagenes_renombradas/C1T2P1","C1T2P1__2018-03-28__02-34-50(1).JPG","Conepatus leuconotus","Species|Conepatus leuconotus","2018-03-28 02:34:00","2018-03-28"
"2",77,"C1T2P11","Conepatus leuconotus","01/03/2018 0:02:00","1/03/2018","0:02:37",0,0,0,0,"Imagenes_renombradas/C1T2P11","C1T2P11__2018-03-01__00-02-37(1).JPG","Conepatus leuconotus","Species|Conepatus leuconotus","2018-03-01 00:02:00","2018-03-01"
"3",78,"C1T2P11","Conepatus leuconotus","02/03/2018 5:03:00","2/03/2018","5:03:27",104447,1741,29,1.2,"Imagenes_renombradas/C1T2P11","C1T2P11__2018-03-02__05-03-27(1).JPG","Conepatus leuconotus","Species|Conepatus leuconotus","2018-03-02 05:03:00","2018-03-02"
"4",79,"C1T2P11","Conepatus leuconotus","22/03/2018 4:34:00","22/03/2018","4:34:17",1726247,28771,479.5,20,"Imagenes_renombradas/C1T2P11","C1T2P11__2018-03-22__04-34-17(1).JPG","Conepatus leuconotus","Species|Conepatus leuconotus","2018-03-22 04:34:00","2018-03-22"
"5",80,"C1T2P11","Conepatus leuconotus","04/04/2018 3:39:00","4/04/2018","3:39:20",1119899,18665,311.1,13,"Imagenes_renombradas/C1T2P11","C1T2P11__2018-04-04__03-39-20(1).JPG","Conepatus leuconotus","Species|Conepatus leuconotus","2018-04-04 03:39:00","2018-04-04"
"6",82,"C1T2P11","Odocoileus virginianus","26/03/2018 9:04:00","26/03/2018","9:04:02",0,0,0,0,"Imagenes_renombradas/C1T2P11","C1T2P11__2018-03-26__09-04-02(1).JPG","Odocoileus virginianus","Species|Odocoileus virginianus","2018-03-26 09:04:00","2018-03-26"
"7",83,"C1T2P11","Odocoileus virginianus","02/04/2018 7:30:00","2/04/2018","7:30:51",599206,9987,166.4,6.9,"Imagenes_renombradas/C1T2P11","C1T2P11__2018-04-02__07-30-51(1).JPG","Odocoileus virginianus","Species|Odocoileus virginianus","2018-04-02 07:30:00","2018-04-02"
"8",84,"C1T2P11","Odocoileus virginianus","14/04/2018 5:14:00","14/04/2018","5:14:32",1028621,17144,285.7,11.9,"Imagenes_renombradas/C1T2P11","C1T2P11__2018-04-14__05-14-32(1).JPG","Odocoileus virginianus","Species|Odocoileus virginianus","2018-04-14 05:14:00","2018-04-14"
"9",131,"C1T2P21","Conepatus leuconotus","15/04/2018 19:19:00","15/04/2018","19:19:09",0,0,0,0,"Imagenes_renombradas/C1T2P21","C1T2P21__2018-04-15__19-19-09(1).JPG","Conepatus leuconotus","Species|Conepatus leuconotus","2018-04-15 19:19:00","2018-04-15"
"10",133,"C1T2P21","Odocoileus virginianus","26/01/2018 6:43:00","26/01/2018","6:43:46",0,0,0,0,"Imagenes_renombradas/C1T2P21","C1T2P21__2018-01-26__06-43-46(1).JPG","Odocoileus virginianus","Species|Odocoileus virginianus","2018-01-26 06:43:00","2018-01-26"
"11",134,"C1T2P21","Odocoileus virginianus","05/02/2018 6:46:00","5/02/2018","6:46:39",864077,14401,240,10,"Imagenes_renombradas/C1T2P21","C1T2P21__2018-02-05__06-46-39(1).JPG","Odocoileus virginianus","Species|Odocoileus virginianus","2018-02-05 06:46:00","2018-02-05"
"12",135,"C1T2P21","Odocoileus virginianus","05/02/2018 16:15:00","5/02/2018","16:15:06",33942,566,9.4,0.4,"Imagenes_renombradas/C1T2P21","C1T2P21__2018-02-05__16-15-06(1).JPG","Odocoileus virginianus","Species|Odocoileus virginianus","2018-02-05 16:15:00","2018-02-05"
"13",136,"C1T2P21","Odocoileus virginianus","05/02/2018 18:01:00","5/02/2018","18:01:59",6409,107,1.8,0.1,"Imagenes_renombradas/C1T2P21","C1T2P21__2018-02-05__18-01-59(1).JPG","Odocoileus virginianus","Species|Odocoileus virginianus","2018-02-05 18:01:00","2018-02-05"
"14",137,"C1T2P21","Odocoileus virginianus","21/02/2018 1:33:00","21/02/2018","1:33:31",1323089,22051,367.5,15.3,"Imagenes_renombradas/C1T2P21","C1T2P21__2018-02-21__01-33-31(1).JPG","Odocoileus virginianus","Species|Odocoileus virginianus","2018-02-21 01:33:00","2018-02-21"
"15",138,"C1T2P21","Odocoileus virginianus","21/02/2018 6:56:00","21/02/2018","6:56:51",19270,321,5.3,0.2,"Imagenes_renombradas/C1T2P21","C1T2P21__2018-02-21__06-56-51(1).JPG","Odocoileus virginianus","Species|Odocoileus virginianus","2018-02-21 06:56:00","2018-02-21"
"16",139,"C1T2P21","Odocoileus virginianus","14/03/2018 8:08:00","14/03/2018","8:08:14",1818489,30308,505.1,21,"Imagenes_renombradas/C1T2P21","C1T2P21__2018-03-14__08-08-14(1).JPG","Odocoileus virginianus","Species|Odocoileus virginianus","2018-03-14 08:08:00","2018-03-14"
"17",140,"C1T2P21","Odocoileus virginianus","10/04/2018 3:06:00","10/04/2018","3:06:42",2314684,38578,643,26.8,"Imagenes_renombradas/C1T2P21","C1T2P21__2018-04-10__03-06-42(2).JPG","Odocoileus virginianus","Species|Odocoileus virginianus","2018-04-10 03:06:00","2018-04-10"
"18",141,"C1T2P21","Odocoileus virginianus","16/04/2018 11:02:00","16/04/2018","11:02:18",546918,9115,151.9,6.3,"Imagenes_renombradas/C1T2P21","C1T2P21__2018-04-16__11-02-18(1).JPG","Odocoileus virginianus","Species|Odocoileus virginianus","2018-04-16 11:02:00","2018-04-16"
"19",142,"C1T2P21","Odocoileus virginianus","20/04/2018 8:57:00","20/04/2018","8:57:21",338010,5634,93.9,3.9,"Imagenes_renombradas/C1T2P21","C1T2P21__2018-04-20__08-57-21(1).JPG","Odocoileus virginianus","Species|Odocoileus virginianus","2018-04-20 08:57:00","2018-04-20"
"20",167,"C1T4P1","Odocoileus virginianus","17/02/2018 17:06:00","17/02/2018","17:06:01",0,0,0,0,"Imagenes_renombradas/C1T4P1","C1T4P1__2018-02-17__17-06-01(1).JPG","Odocoileus virginianus","Species|Odocoileus virginianus","2018-02-17 17:06:00","2018-02-17"
"21",198,"C1T4P11","Conepatus leuconotus","24/01/2018 23:44:00","24/01/2018","23:44:36",0,0,0,0,"Imagenes_renombradas/C1T4P11","C1T4P11__2018-01-24__23-44-36(1).JPG","Conepatus leuconotus","Species|Conepatus leuconotus","2018-01-24 23:44:00","2018-01-24"
"22",199,"C1T4P11","Conepatus leuconotus","15/02/2018 23:02:00","15/02/2018","23:02:50",1898291,31638,527.3,22,"Imagenes_renombradas/C1T4P11","C1T4P11__2018-02-15__23-02-50(1).JPG","Conepatus leuconotus","Species|Conepatus leuconotus","2018-02-15 23:02:00","2018-02-15"
"23",200,"C1T4P11","Conepatus leuconotus","19/02/2018 21:35:00","19/02/2018","21:35:22",340349,5672,94.5,3.9,"Imagenes_renombradas/C1T4P11","C1T4P11__2018-02-19__21-35-22(1).JPG","Conepatus leuconotus","Species|Conepatus leuconotus","2018-02-19 21:35:00","2018-02-19"
"24",201,"C1T4P11","Conepatus leuconotus","30/03/2018 21:42:00","30/03/2018","21:42:19",3370017,56167,936.1,39,"Imagenes_renombradas/C1T4P11","C1T4P11__2018-03-30__21-42-19(1).JPG","Conepatus leuconotus","Species|Conepatus leuconotus","2018-03-30 21:42:00","2018-03-30"
"25",202,"C1T4P11","Conepatus leuconotus","03/04/2018 4:52:00","3/04/2018","4:52:55",285034,4751,79.2,3.3,"Imagenes_renombradas/C1T4P11","C1T4P11__2018-04-03__04-52-55(1).JPG","Conepatus leuconotus","Species|Conepatus leuconotus","2018-04-03 04:52:00","2018-04-03"
"26",203,"C1T4P11","Conepatus leuconotus","07/04/2018 20:33:00","7/04/2018","20:33:48",402050,6701,111.7,4.7,"Imagenes_renombradas/C1T4P11","C1T4P11__2018-04-07__20-33-48(1).JPG","Conepatus leuconotus","Species|Conepatus leuconotus","2018-04-07 20:33:00","2018-04-07"
"27",204,"C1T4P11","Conepatus leuconotus","19/04/2018 5:30:00","19/04/2018","5:30:16",982588,16376,272.9,11.4,"Imagenes_renombradas/C1T4P11","C1T4P11__2018-04-19__05-30-16(1).JPG","Conepatus leuconotus","Species|Conepatus leuconotus","2018-04-19 05:30:00","2018-04-19"
"28",205,"C1T4P11","Conepatus leuconotus","21/04/2018 20:35:00","21/04/2018","20:35:42",227126,3785,63.1,2.6,"Imagenes_renombradas/C1T4P11","C1T4P11__2018-04-21__20-35-42(1).JPG","Conepatus leuconotus","Species|Conepatus leuconotus","2018-04-21 20:35:00","2018-04-21"
"29",207,"C1T4P11","Odocoileus virginianus","28/01/2018 22:31:00","28/01/2018","22:31:11",0,0,0,0,"Imagenes_renombradas/C1T4P11","C1T4P11__2018-01-28__22-31-11(1).JPG","Odocoileus virginianus","Species|Odocoileus virginianus","2018-01-28 22:31:00","2018-01-28"
"30",208,"C1T4P11","Odocoileus virginianus","10/02/2018 22:10:00","10/02/2018","22:10:26",1121796,18697,311.6,13,"Imagenes_renombradas/C1T4P11","C1T4P11__2018-02-10__22-10-26(1).JPG","Odocoileus virginianus","Species|Odocoileus virginianus","2018-02-10 22:10:00","2018-02-10"
"31",209,"C1T4P11","Odocoileus virginianus","12/02/2018 4:00:00","12/02/2018","4:00:17",104595,1743,29.1,1.2,"Imagenes_renombradas/C1T4P11","C1T4P11__2018-02-12__04-00-17(1).JPG","Odocoileus virginianus","Species|Odocoileus virginianus","2018-02-12 04:00:00","2018-02-12"
"32",210,"C1T4P11","Odocoileus virginianus","22/02/2018 22:55:00","22/02/2018","22:55:21",931670,15528,258.8,10.8,"Imagenes_renombradas/C1T4P11","C1T4P11__2018-02-22__22-55-21(1).JPG","Odocoileus virginianus","Species|Odocoileus virginianus","2018-02-22 22:55:00","2018-02-22"
"33",211,"C1T4P11","Odocoileus virginianus","23/02/2018 0:02:00","23/02/2018","0:02:56",4013,67,1.1,0,"Imagenes_renombradas/C1T4P11","C1T4P11__2018-02-23__00-02-56(1).JPG","Odocoileus virginianus","Species|Odocoileus virginianus","2018-02-23 00:02:00","2018-02-23"
"34",212,"C1T4P11","Odocoileus virginianus","15/03/2018 21:47:00","15/03/2018","21:47:29",1805736,30096,501.6,20.9,"Imagenes_renombradas/C1T4P11","C1T4P11__2018-03-15__21-47-29(1).JPG","Odocoileus virginianus","Species|Odocoileus virginianus","2018-03-15 21:47:00","2018-03-15"
"35",213,"C1T4P11","Odocoileus virginianus","15/03/2018 23:07:00","15/03/2018","23:07:14",4552,76,1.3,0.1,"Imagenes_renombradas/C1T4P11","C1T4P11__2018-03-15__23-07-14(1).JPG","Odocoileus virginianus","Species|Odocoileus virginianus","2018-03-15 23:07:00","2018-03-15"
"36",214,"C1T4P11","Odocoileus virginianus","04/04/2018 5:54:00","4/04/2018","5:54:58",1665897,27765,462.8,19.3,"Imagenes_renombradas/C1T4P11","C1T4P11__2018-04-04__05-54-58(1).JPG","Odocoileus virginianus","Species|Odocoileus virginianus","2018-04-04 05:54:00","2018-04-04"
"37",215,"C1T4P11","Odocoileus virginianus","04/04/2018 11:40:00","4/04/2018","11:40:30",20688,345,5.8,0.2,"Imagenes_renombradas/C1T4P11","C1T4P11__2018-04-04__11-40-30(1).JPG","Odocoileus virginianus","Species|Odocoileus virginianus","2018-04-04 11:40:00","2018-04-04"
"38",216,"C1T4P11","Odocoileus virginianus","05/04/2018 16:49:00","5/04/2018","16:49:53",104960,1749,29.1,1.2,"Imagenes_renombradas/C1T4P11","C1T4P11__2018-04-05__16-49-53(1).JPG","Odocoileus virginianus","Species|Odocoileus virginianus","2018-04-05 16:49:00","2018-04-05"
"39",217,"C1T4P11","Odocoileus virginianus","11/04/2018 10:40:00","11/04/2018","10:40:43",496227,8270,137.8,5.7,"Imagenes_renombradas/C1T4P11","C1T4P11__2018-04-11__10-40-43(1).JPG","Odocoileus virginianus","Species|Odocoileus virginianus","2018-04-11 10:40:00","2018-04-11"
"40",218,"C1T4P11","Odocoileus virginianus","16/04/2018 10:05:00","16/04/2018","10:05:34",429831,7164,119.4,5,"Imagenes_renombradas/C1T4P11","C1T4P11__2018-04-16__10-05-34(1).JPG","Odocoileus virginianus","Species|Odocoileus virginianus","2018-04-16 10:05:00","2018-04-16"
"41",219,"C1T4P11","Pecari tajacu","02/04/2018 22:10:00","2/04/2018","22:10:34",0,0,0,0,"Imagenes_renombradas/C1T4P11","C1T4P11__2018-04-02__22-10-34(1).JPG","Pecari tajacu","Species|Pecari tajacu","2018-04-02 22:10:00","2018-04-02"
"42",286,"C1T6P1","Conepatus leuconotus","02/04/2018 3:30:00","2/04/2018","3:30:51",0,0,0,0,"Imagenes_renombradas/C1T6P1","C1T6P1__2018-04-02__03-30-51(1).JPG","Conepatus leuconotus","Species|Conepatus leuconotus","2018-04-02 03:30:00","2018-04-02"
"43",287,"C1T6P1","Conepatus leuconotus","05/04/2018 3:54:00","5/04/2018","3:54:02",260591,4343,72.4,3,"Imagenes_renombradas/C1T6P1","C1T6P1__2018-04-05__03-54-02(1).JPG","Conepatus leuconotus","Species|Conepatus leuconotus","2018-04-05 03:54:00","2018-04-05"
"44",288,"C1T6P1","Conepatus leuconotus","13/04/2018 0:10:00","13/04/2018","0:10:00",677756,11296,188.3,7.8,"Imagenes_renombradas/C1T6P1","C1T6P1__2018-04-13__00-10-00(1).JPG","Conepatus leuconotus","Species|Conepatus leuconotus","2018-04-13 00:10:00","2018-04-13"
"45",304,"C1T6P21","Odocoileus virginianus","23/03/2018 20:01:00","23/03/2018","20:01:33",0,0,0,0,"Imagenes_renombradas/C1T6P21","C1T6P21__2018-03-23__20-01-33(1).JPG","Odocoileus virginianus","Species|Odocoileus virginianus","2018-03-23 20:01:00","2018-03-23"
"46",305,"C1T6P21","Pecari tajacu","26/03/2018 22:30:00","26/03/2018","22:30:31",0,0,0,0,"Imagenes_renombradas/C1T6P21","C1T6P21__2018-03-26__22-30-31(1).JPG","Pecari tajacu","Species|Pecari tajacu","2018-03-26 22:30:00","2018-03-26"
"47",330,"C2T1P1","Odocoileus virginianus","06/07/2018 13:54:00","6/07/2018","13:54:34",0,0,0,0,"Imagenes_renombradas/C2T1P1","C2T1P1__2018-07-06__13-54-34(1).JPG","Odocoileus virginianus","Species|Odocoileus virginianus","2018-07-06 13:54:00","2018-07-06"
"48",331,"C2T1P1","Odocoileus virginianus","01/08/2018 21:05:00","1/08/2018","21:05:00",2272223,37870,631.2,26.3,"Imagenes_renombradas/C2T1P1","C2T1P1__2018-08-01__21-05-00(1).JPG","Odocoileus virginianus","Species|Odocoileus virginianus","2018-08-01 21:05:00","2018-08-01"
"49",332,"C2T1P1","Odocoileus virginianus","05/08/2018 12:39:00","5/08/2018","12:39:43",315283,5255,87.6,3.6,"Imagenes_renombradas/C2T1P1","C2T1P1__2018-08-05__12-39-43(1).JPG","Odocoileus virginianus","Species|Odocoileus virginianus","2018-08-05 12:39:00","2018-08-05"
"50",342,"C2T1P11","Odocoileus virginianus","21/07/2018 10:03:00","21/07/2018","10:03:20",0,0,0,0,"Imagenes_renombradas/C2T1P11","C2T1P11__2018-07-21__10-03-20(1).JPG","Odocoileus virginianus","Species|Odocoileus virginianus","2018-07-21 10:03:00","2018-07-21"
"51",343,"C2T1P11","Odocoileus virginianus","25/07/2018 5:28:00","25/07/2018","5:28:45",329070,5484,91.4,3.8,"Imagenes_renombradas/C2T1P11","C2T1P11__2018-07-25__05-28-45(1).JPG","Odocoileus virginianus","Species|Odocoileus virginianus","2018-07-25 05:28:00","2018-07-25"
"52",344,"C2T1P11","Pecari tajacu","26/06/2018 10:13:00","26/06/2018","10:13:45",0,0,0,0,"Imagenes_renombradas/C2T1P11","C2T1P11__2018-06-26__10-13-45(1).JPG","Pecari tajacu","Species|Pecari tajacu","2018-06-26 10:13:00","2018-06-26"
"53",349,"C2T1P21","Pecari tajacu","16/05/2018 21:41:00","16/05/2018","21:41:59",0,0,0,0,"Imagenes_renombradas/C2T1P21","C2T1P21__2018-05-16__21-41-59(1).JPG","Pecari tajacu","Species|Pecari tajacu","2018-05-16 21:41:00","2018-05-16"
"54",350,"C2T1P21","Pecari tajacu","29/05/2018 9:08:00","29/05/2018","9:08:59",1078018,17967,299.4,12.5,"Imagenes_renombradas/C2T1P21","C2T1P21__2018-05-29__09-08-59(1).JPG","Pecari tajacu","Species|Pecari tajacu","2018-05-29 09:08:00","2018-05-29"
"55",416,"C2T2P1","Odocoileus virginianus","02/05/2018 9:47:00","2/05/2018","9:47:03",0,0,0,0,"Imagenes_renombradas/C2T2P1","C2T2P1__2018-05-02__09-47-03(1).JPG","Odocoileus virginianus","Species|Odocoileus virginianus","2018-05-02 09:47:00","2018-05-02"
"56",417,"C2T2P1","Odocoileus virginianus","27/07/2018 3:52:00","27/07/2018","3:52:43",7409140,123486,2058.1,85.8,"Imagenes_renombradas/C2T2P1","C2T2P1__2018-07-27__03-52-43(1).JPG","Odocoileus virginianus","Species|Odocoileus virginianus","2018-07-27 03:52:00","2018-07-27"
"57",418,"C2T2P1","Odocoileus virginianus","30/07/2018 21:42:00","30/07/2018","21:42:30",323305,5388,89.8,3.7,"Imagenes_renombradas/C2T2P1","C2T2P1__2018-07-30__21-42-30(1).JPG","Odocoileus virginianus","Species|Odocoileus virginianus","2018-07-30 21:42:00","2018-07-30"
"58",419,"C2T2P1","Pecari tajacu","12/06/2018 6:54:00","12/06/2018","6:54:17",0,0,0,0,"Imagenes_renombradas/C2T2P1","C2T2P1__2018-06-12__06-54-17(1).JPG","Pecari tajacu","Species|Pecari tajacu","2018-06-12 06:54:00","2018-06-12"
"59",420,"C2T2P1","Pecari tajacu","14/06/2018 19:24:00","14/06/2018","19:24:42",217778,3630,60.5,2.5,"Imagenes_renombradas/C2T2P1","C2T2P1__2018-06-14__19-24-42(1).JPG","Pecari tajacu","Species|Pecari tajacu","2018-06-14 19:24:00","2018-06-14"
"60",538,"C2T2P21","Odocoileus virginianus","13/05/2018 8:10:00","13/05/2018","8:10:38",0,0,0,0,"Imagenes_renombradas/C2T2P21","C2T2P21__2018-05-13__08-10-38(1).JPG","Odocoileus virginianus","Species|Odocoileus virginianus","2018-05-13 08:10:00","2018-05-13"
"61",539,"C2T2P21","Odocoileus virginianus","23/06/2018 0:49:00","23/06/2018","0:49:10",3515891,58598,976.6,40.7,"Imagenes_renombradas/C2T2P21","C2T2P21__2018-06-23__00-49-10(1).JPG","Odocoileus virginianus","Species|Odocoileus virginianus","2018-06-23 00:49:00","2018-06-23"
"62",540,"C2T2P21","Odocoileus virginianus","03/07/2018 23:26:00","3/07/2018","23:26:38",945424,15757,262.6,10.9,"Imagenes_renombradas/C2T2P21","C2T2P21__2018-07-03__23-26-38(1).JPG","Odocoileus virginianus","Species|Odocoileus virginianus","2018-07-03 23:26:00","2018-07-03"
"63",541,"C2T2P21","Odocoileus virginianus","04/07/2018 2:03:00","4/07/2018","2:03:18",8602,143,2.4,0.1,"Imagenes_renombradas/C2T2P21","C2T2P21__2018-07-04__02-03-18(1).JPG","Odocoileus virginianus","Species|Odocoileus virginianus","2018-07-04 02:03:00","2018-07-04"
"64",542,"C2T2P21","Odocoileus virginianus","08/07/2018 1:02:00","8/07/2018","1:02:17",341938,5699,95,4,"Imagenes_renombradas/C2T2P21","C2T2P21__2018-07-08__01-02-17(1).JPG","Odocoileus virginianus","Species|Odocoileus virginianus","2018-07-08 01:02:00","2018-07-08"
"65",543,"C2T2P21","Pecari tajacu","19/06/2018 5:29:00","19/06/2018","5:29:33",0,0,0,0,"Imagenes_renombradas/C2T2P21","C2T2P21__2018-06-19__05-29-33(1).JPG","Pecari tajacu","Species|Pecari tajacu","2018-06-19 05:29:00","2018-06-19"
"66",567,"C2T3P1","Odocoileus virginianus","09/05/2018 8:13:00","9/05/2018","8:13:55",0,0,0,0,"Imagenes_renombradas/C2T3P1","C2T3P1__2018-05-09__08-13-55(1).JPG","Odocoileus virginianus","Species|Odocoileus virginianus","2018-05-09 08:13:00","2018-05-09"
"67",568,"C2T3P1","Odocoileus virginianus","28/06/2018 14:06:00","28/06/2018","14:06:29",4341123,72352,1205.9,50.2,"Imagenes_renombradas/C2T3P1","C2T3P1__2018-06-28__14-06-29(1).JPG","Odocoileus virginianus","Species|Odocoileus virginianus","2018-06-28 14:06:00","2018-06-28"
"68",569,"C2T3P1","Odocoileus virginianus","09/07/2018 16:29:00","9/07/2018","16:29:13",958964,15983,266.4,11.1,"Imagenes_renombradas/C2T3P1","C2T3P1__2018-07-09__16-29-13(1).JPG","Odocoileus virginianus","Species|Odocoileus virginianus","2018-07-09 16:29:00","2018-07-09"
"69",570,"C2T3P1","Odocoileus virginianus","14/07/2018 15:14:00","14/07/2018","15:14:59",427543,7126,118.8,5,"Imagenes_renombradas/C2T3P1","C2T3P1__2018-07-14__15-14-59(1).JPG","Odocoileus virginianus","Species|Odocoileus virginianus","2018-07-14 15:14:00","2018-07-14"
"70",571,"C2T3P1","Odocoileus virginianus","19/07/2018 6:50:00","19/07/2018","6:50:51",401749,6696,111.6,4.6,"Imagenes_renombradas/C2T3P1","C2T3P1__2018-07-19__06-50-51(1).JPG","Odocoileus virginianus","Species|Odocoileus virginianus","2018-07-19 06:50:00","2018-07-19"
"71",572,"C2T3P1","Pecari tajacu","14/06/2018 18:55:00","14/06/2018","18:55:10",0,0,0,0,"Imagenes_renombradas/C2T3P1","C2T3P1__2018-06-14__18-55-10(1).JPG","Pecari tajacu","Species|Pecari tajacu","2018-06-14 18:55:00","2018-06-14"
"72",589,"C2T3P11","Odocoileus virginianus","24/05/2018 19:10:00","24/05/2018","19:10:18",0,0,0,0,"Imagenes_renombradas/C2T3P11","C2T3P11__2018-05-24__19-10-18(1).JPG","Odocoileus virginianus","Species|Odocoileus virginianus","2018-05-24 19:10:00","2018-05-24"
"73",590,"C2T3P11","Odocoileus virginianus","13/07/2018 9:14:00","13/07/2018","9:14:44",4284262,71404,1190.1,49.6,"Imagenes_renombradas/C2T3P11","C2T3P11__2018-07-13__09-14-44(1).JPG","Odocoileus virginianus","Species|Odocoileus virginianus","2018-07-13 09:14:00","2018-07-13"
"74",591,"C2T3P11","Odocoileus virginianus","25/07/2018 13:14:00","25/07/2018","13:14:47",1051194,17520,292,12.2,"Imagenes_renombradas/C2T3P11","C2T3P11__2018-07-25__13-14-47(1).JPG","Odocoileus virginianus","Species|Odocoileus virginianus","2018-07-25 13:14:00","2018-07-25"
"75",609,"C2T3P21","Conepatus leuconotus","01/05/2018 3:43:00","1/05/2018","3:43:09",0,0,0,0,"Imagenes_renombradas/C2T3P21","C2T3P21__2018-05-01__03-43-09(1).JPG","Conepatus leuconotus","Species|Conepatus leuconotus","2018-05-01 03:43:00","2018-05-01"
"76",610,"C2T3P21","Conepatus leuconotus","07/05/2018 21:44:00","7/05/2018","21:44:45",583292,9722,162,6.8,"Imagenes_renombradas/C2T3P21","C2T3P21__2018-05-07__21-44-45(1).JPG","Conepatus leuconotus","Species|Conepatus leuconotus","2018-05-07 21:44:00","2018-05-07"
"77",611,"C2T3P21","Conepatus leuconotus","28/06/2018 2:58:00","28/06/2018","2:58:02",4425194,73753,1229.2,51.2,"Imagenes_renombradas/C2T3P21","C2T3P21__2018-06-28__02-58-02(1).JPG","Conepatus leuconotus","Species|Conepatus leuconotus","2018-06-28 02:58:00","2018-06-28"
"78",613,"C2T3P21","Odocoileus virginianus","17/05/2018 0:29:00","17/05/2018","0:29:17",0,0,0,0,"Imagenes_renombradas/C2T3P21","C2T3P21__2018-05-17__00-29-17(1).JPG","Odocoileus virginianus","Species|Odocoileus virginianus","2018-05-17 00:29:00","2018-05-17"
"79",614,"C2T3P21","Odocoileus virginianus","09/06/2018 17:52:00","9/06/2018","17:52:45",2049805,34163,569.4,23.7,"Imagenes_renombradas/C2T3P21","C2T3P21__2018-06-09__17-52-45(1).JPG","Odocoileus virginianus","Species|Odocoileus virginianus","2018-06-09 17:52:00","2018-06-09"
"80",615,"C2T3P21","Odocoileus virginianus","28/06/2018 17:46:00","28/06/2018","17:46:53",1641245,27354,455.9,19,"Imagenes_renombradas/C2T3P21","C2T3P21__2018-06-28__17-46-53(1).JPG","Odocoileus virginianus","Species|Odocoileus virginianus","2018-06-28 17:46:00","2018-06-28"
"81",616,"C2T3P21","Odocoileus virginianus","30/06/2018 7:37:00","30/06/2018","7:37:20",136181,2270,37.8,1.6,"Imagenes_renombradas/C2T3P21","C2T3P21__2018-06-30__07-37-20(1).JPG","Odocoileus virginianus","Species|Odocoileus virginianus","2018-06-30 07:37:00","2018-06-30"
"82",617,"C2T3P21","Odocoileus virginianus","03/07/2018 19:34:00","3/07/2018","19:34:01",302177,5036,83.9,3.5,"Imagenes_renombradas/C2T3P21","C2T3P21__2018-07-03__19-34-01(1).JPG","Odocoileus virginianus","Species|Odocoileus virginianus","2018-07-03 19:34:00","2018-07-03"
"83",645,"C3T0P21","Odocoileus virginianus","25/01/2018 12:28:00","25/01/2018","12:28:10",0,0,0,0,"Imagenes_renombradas/C3T0P21","C3T0P21__2018-01-25__12-28-10(1).JPG","Odocoileus virginianus","Species|Odocoileus virginianus","2018-01-25 12:28:00","2018-01-25"
"84",646,"C3T0P21","Odocoileus virginianus","11/04/2018 22:37:00","11/04/2018","22:37:05",6602931,110049,1834.2,76.4,"Imagenes_renombradas/C3T0P21","C3T0P21__2018-04-11__22-37-05(1).JPG","Odocoileus virginianus","Species|Odocoileus virginianus","2018-04-11 22:37:00","2018-04-11"
"85",663,"C3T1P1","Conepatus leuconotus","20/02/2018 2:05:00","20/02/2018","2:05:49",0,0,0,0,"Imagenes_renombradas/C3T1P1","C3T1P1__2018-02-20__02-05-49(1).JPG","Conepatus leuconotus","Species|Conepatus leuconotus","2018-02-20 02:05:00","2018-02-20"
"86",664,"C3T1P1","Conepatus leuconotus","03/03/2018 0:00:00","3/03/2018","0:00:56",942907,15715,261.9,10.9,"Imagenes_renombradas/C3T1P1","C3T1P1__2018-03-03__00-00-56(1).JPG","Conepatus leuconotus","Species|Conepatus leuconotus","2018-03-03 00:00:00","2018-03-03"
"87",665,"C3T1P1","Conepatus leuconotus","22/03/2018 5:24:00","22/03/2018","5:24:54",1661038,27684,461.4,19.2,"Imagenes_renombradas/C3T1P1","C3T1P1__2018-03-22__05-24-54(1).JPG","Conepatus leuconotus","Species|Conepatus leuconotus","2018-03-22 05:24:00","2018-03-22"
"88",666,"C3T1P1","Conepatus leuconotus","16/04/2018 2:56:00","16/04/2018","2:56:10",2151076,35851,597.5,24.9,"Imagenes_renombradas/C3T1P1","C3T1P1__2018-04-16__02-56-10(1).JPG","Conepatus leuconotus","Species|Conepatus leuconotus","2018-04-16 02:56:00","2018-04-16"
"89",667,"C3T1P1","Odocoileus virginianus","22/03/2018 8:17:00","22/03/2018","8:17:10",0,0,0,0,"Imagenes_renombradas/C3T1P1","C3T1P1__2018-03-22__08-17-10(1).JPG","Odocoileus virginianus","Species|Odocoileus virginianus","2018-03-22 08:17:00","2018-03-22"
"90",668,"C3T1P1","Pecari tajacu","12/03/2018 16:55:00","12/03/2018","16:55:51",0,0,0,0,"Imagenes_renombradas/C3T1P1","C3T1P1__2018-03-12__16-55-51(1).JPG","Pecari tajacu","Species|Pecari tajacu","2018-03-12 16:55:00","2018-03-12"
"91",692,"C3T1P11","Odocoileus virginianus","14/03/2018 1:27:00","14/03/2018","1:27:10",0,0,0,0,"Imagenes_renombradas/C3T1P11","C3T1P11__2018-03-14__01-27-10(1).JPG","Odocoileus virginianus","Species|Odocoileus virginianus","2018-03-14 01:27:00","2018-03-14"
"92",694,"C3T1P21","Conepatus leuconotus","25/01/2018 21:20:00","25/01/2018","21:20:23",0,0,0,0,"Imagenes_renombradas/C3T1P21","C3T1P21__2018-01-25__21-20-23(1).JPG","Conepatus leuconotus","Species|Conepatus leuconotus","2018-01-25 21:20:00","2018-01-25"
"93",695,"C3T1P21","Conepatus leuconotus","15/02/2018 20:17:00","15/02/2018","20:17:57",1810654,30178,503,21,"Imagenes_renombradas/C3T1P21","C3T1P21__2018-02-15__20-17-57(1).JPG","Conepatus leuconotus","Species|Conepatus leuconotus","2018-02-15 20:17:00","2018-02-15"
"94",696,"C3T1P21","Conepatus leuconotus","23/03/2018 23:12:00","23/03/2018","23:12:08",3120843,52014,866.9,36.1,"Imagenes_renombradas/C3T1P21","C3T1P21__2018-03-23__23-12-08(1).JPG","Conepatus leuconotus","Species|Conepatus leuconotus","2018-03-23 23:12:00","2018-03-23"
"95",697,"C3T1P21","Odocoileus virginianus","07/02/2018 10:07:00","7/02/2018","10:07:18",0,0,0,0,"Imagenes_renombradas/C3T1P21","C3T1P21__2018-02-07__10-07-18(1).JPG","Odocoileus virginianus","Species|Odocoileus virginianus","2018-02-07 10:07:00","2018-02-07"
"96",699,"C3T3P11","Pecari tajacu","16/04/2018 20:29:00","16/04/2018","20:29:49",0,0,0,0,"Imagenes_renombradas/C3T3P11","C3T3P11__2018-04-16__20-29-49(1).JPG","Pecari tajacu","Species|Pecari tajacu","2018-04-16 20:29:00","2018-04-16"
"97",701,"C3T3P21","Conepatus leuconotus","08/03/2018 1:09:00","8/03/2018","1:09:09",0,0,0,0,"Imagenes_renombradas/C3T3P21","C3T3P21__2018-03-08__01-09-09(1).JPG","Conepatus leuconotus","Species|Conepatus leuconotus","2018-03-08 01:09:00","2018-03-08"
"98",702,"C3T3P21","Conepatus leuconotus","12/03/2018 5:43:00","12/03/2018","5:43:38",362067,6034,100.6,4.2,"Imagenes_renombradas/C3T3P21","C3T3P21__2018-03-12__05-43-38(1).JPG","Conepatus leuconotus","Species|Conepatus leuconotus","2018-03-12 05:43:00","2018-03-12"
"99",704,"C3T3P21","Odocoileus virginianus","23/03/2018 9:06:00","23/03/2018","9:06:07",0,0,0,0,"Imagenes_renombradas/C3T3P21","C3T3P21__2018-03-23__09-06-07(1).JPG","Odocoileus virginianus","Species|Odocoileus virginianus","2018-03-23 09:06:00","2018-03-23"
"100",705,"C3T3P21","Odocoileus virginianus","24/03/2018 10:20:00","24/03/2018","10:20:16",90815,1514,25.2,1.1,"Imagenes_renombradas/C3T3P21","C3T3P21__2018-03-24__10-20-16(1).JPG","Odocoileus virginianus","Species|Odocoileus virginianus","2018-03-24 10:20:00","2018-03-24"
"101",714,"C4T1P1","Pecari tajacu","31/05/2018 18:59:00","31/05/2018","18:59:42",0,0,0,0,"Imagenes_renombradas/C4T1P1","C4T1P1__2018-05-31__18-59-42(1).JPG","Pecari tajacu","Species|Pecari tajacu","2018-05-31 18:59:00","2018-05-31"
"102",728,"C4T1P11","Conepatus leuconotus","01/05/2018 20:43:00","1/05/2018","20:43:01",0,0,0,0,"Imagenes_renombradas/C4T1P11","C4T1P11__2018-05-01__20-43-01(1).JPG","Conepatus leuconotus","Species|Conepatus leuconotus","2018-05-01 20:43:00","2018-05-01"
"103",729,"C4T1P11","Odocoileus virginianus","21/05/2018 9:03:00","21/05/2018","9:03:53",0,0,0,0,"Imagenes_renombradas/C4T1P11","C4T1P11__2018-05-21__09-03-53(1).JPG","Odocoileus virginianus","Species|Odocoileus virginianus","2018-05-21 09:03:00","2018-05-21"
"104",730,"C4T1P11","Odocoileus virginianus","26/06/2018 9:32:00","26/06/2018","9:32:46",3110868,51848,864.1,36,"Imagenes_renombradas/C4T1P11","C4T1P11__2018-06-26__09-32-46(1).JPG","Odocoileus virginianus","Species|Odocoileus virginianus","2018-06-26 09:32:00","2018-06-26"
"105",737,"C4T1P21","Odocoileus virginianus","14/06/2018 14:45:00","14/06/2018","14:45:10",0,0,0,0,"Imagenes_renombradas/C4T1P21","C4T1P21__2018-06-14__14-45-10(1).JPG","Odocoileus virginianus","Species|Odocoileus virginianus","2018-06-14 14:45:00","2018-06-14"
"106",738,"C4T1P21","Odocoileus virginianus","23/06/2018 10:19:00","23/06/2018","10:19:17",761568,12693,211.6,8.8,"Imagenes_renombradas/C4T1P21","C4T1P21__2018-06-23__10-19-17(1).JPG","Odocoileus virginianus","Species|Odocoileus virginianus","2018-06-23 10:19:00","2018-06-23"
"107",739,"C4T1P21","Odocoileus virginianus","24/06/2018 16:14:00","24/06/2018","16:14:36",107715,1795,29.9,1.2,"Imagenes_renombradas/C4T1P21","C4T1P21__2018-06-24__16-14-36(1).JPG","Odocoileus virginianus","Species|Odocoileus virginianus","2018-06-24 16:14:00","2018-06-24"
"108",740,"C4T1P21","Odocoileus virginianus","06/07/2018 11:32:00","6/07/2018","11:32:58",1019898,16998,283.3,11.8,"Imagenes_renombradas/C4T1P21","C4T1P21__2018-07-06__11-32-58(1).JPG","Odocoileus virginianus","Species|Odocoileus virginianus","2018-07-06 11:32:00","2018-07-06"
"109",741,"C4T1P21","Odocoileus virginianus","07/07/2018 18:59:00","7/07/2018","18:59:20",113180,1886,31.4,1.3,"Imagenes_renombradas/C4T1P21","C4T1P21__2018-07-07__18-59-20(1).JPG","Odocoileus virginianus","Species|Odocoileus virginianus","2018-07-07 18:59:00","2018-07-07"
"110",759,"C4T2P1","Conepatus leuconotus","14/08/2018 3:39:00","14/08/2018","3:39:23",0,0,0,0,"Imagenes_renombradas/C4T2P1","C4T2P1__2018-08-14__03-39-23(1).JPG","Conepatus leuconotus","Species|Conepatus leuconotus","2018-08-14 03:39:00","2018-08-14"
"111",760,"C4T2P1","Odocoileus virginianus","18/07/2018 16:07:00","18/07/2018","16:07:13",0,0,0,0,"Imagenes_renombradas/C4T2P1","C4T2P1__2018-07-18__16-07-13(1).JPG","Odocoileus virginianus","Species|Odocoileus virginianus","2018-07-18 16:07:00","2018-07-18"
"112",804,"C4T2P11","Odocoileus virginianus","08/06/2018 12:05:00","8/06/2018","12:05:15",0,0,0,0,"Imagenes_renombradas/C4T2P11","C4T2P11__2018-06-08__12-05-15(1).JPG","Odocoileus virginianus","Species|Odocoileus virginianus","2018-06-08 12:05:00","2018-06-08"
"113",844,"C4T2P21","Conepatus leuconotus","29/06/2018 23:07:00","29/06/2018","23:07:29",0,0,0,0,"Imagenes_renombradas/C4T2P21","C4T2P21__2018-06-29__23-07-29(1).JPG","Conepatus leuconotus","Species|Conepatus leuconotus","2018-06-29 23:07:00","2018-06-29"
"114",845,"C4T2P21","Conepatus leuconotus","08/08/2018 2:16:00","8/08/2018","2:16:02",3380913,56349,939.1,39.1,"Imagenes_renombradas/C4T2P21","C4T2P21__2018-08-08__02-16-02(1).JPG","Conepatus leuconotus","Species|Conepatus leuconotus","2018-08-08 02:16:00","2018-08-08"
"115",847,"C4T2P21","Odocoileus virginianus","27/04/2018 18:40:00","27/04/2018","18:40:46",0,0,0,0,"Imagenes_renombradas/C4T2P21","C4T2P21__2018-04-27__18-40-46(1).JPG","Odocoileus virginianus","Species|Odocoileus virginianus","2018-04-27 18:40:00","2018-04-27"
"116",848,"C4T2P21","Odocoileus virginianus","15/05/2018 18:47:00","15/05/2018","18:47:58",1555629,25927,432.1,18,"Imagenes_renombradas/C4T2P21","C4T2P21__2018-05-15__18-47-58(1).JPG","Odocoileus virginianus","Species|Odocoileus virginianus","2018-05-15 18:47:00","2018-05-15"
"117",849,"C4T2P21","Odocoileus virginianus","08/06/2018 2:09:00","8/06/2018","2:09:32",2013464,33558,559.3,23.3,"Imagenes_renombradas/C4T2P21","C4T2P21__2018-06-08__02-09-32(1).JPG","Odocoileus virginianus","Species|Odocoileus virginianus","2018-06-08 02:09:00","2018-06-08"
"118",850,"C4T2P21","Odocoileus virginianus","27/06/2018 14:37:00","27/06/2018","14:37:15",1686459,28108,468.5,19.5,"Imagenes_renombradas/C4T2P21","C4T2P21__2018-06-27__14-37-15(1).JPG","Odocoileus virginianus","Species|Odocoileus virginianus","2018-06-27 14:37:00","2018-06-27"
"119",851,"C4T2P21","Odocoileus virginianus","29/06/2018 6:57:00","29/06/2018","6:57:10",145193,2420,40.3,1.7,"Imagenes_renombradas/C4T2P21","C4T2P21__2018-06-29__06-57-10(1).JPG","Odocoileus virginianus","Species|Odocoileus virginianus","2018-06-29 06:57:00","2018-06-29"
"120",852,"C4T2P21","Odocoileus virginianus","30/06/2018 10:47:00","30/06/2018","10:47:44",100203,1670,27.8,1.2,"Imagenes_renombradas/C4T2P21","C4T2P21__2018-06-30__10-47-44(1).JPG","Odocoileus virginianus","Species|Odocoileus virginianus","2018-06-30 10:47:00","2018-06-30"
"121",853,"C4T2P21","Odocoileus virginianus","30/06/2018 17:55:00","30/06/2018","17:55:53",25689,428,7.1,0.3,"Imagenes_renombradas/C4T2P21","C4T2P21__2018-06-30__17-55-53(1).JPG","Odocoileus virginianus","Species|Odocoileus virginianus","2018-06-30 17:55:00","2018-06-30"
"122",854,"C4T2P21","Odocoileus virginianus","13/07/2018 15:38:00","13/07/2018","15:38:22",1114930,18582,309.7,12.9,"Imagenes_renombradas/C4T2P21","C4T2P21__2018-07-13__15-38-22(1).JPG","Odocoileus virginianus","Species|Odocoileus virginianus","2018-07-13 15:38:00","2018-07-13"
"123",855,"C4T2P21","Odocoileus virginianus","25/07/2018 9:43:00","25/07/2018","9:43:24",1015500,16925,282.1,11.8,"Imagenes_renombradas/C4T2P21","C4T2P21__2018-07-25__09-43-24(1).JPG","Odocoileus virginianus","Species|Odocoileus virginianus","2018-07-25 09:43:00","2018-07-25"
"124",856,"C4T2P21","Odocoileus virginianus","04/08/2018 22:25:00","4/08/2018","22:25:27",909688,15161,252.7,10.5,"Imagenes_renombradas/C4T2P21","C4T2P21__2018-08-04__22-25-27(1).JPG","Odocoileus virginianus","Species|Odocoileus virginianus","2018-08-04 22:25:00","2018-08-04"
"125",857,"C4T2P21","Odocoileus virginianus","11/08/2018 17:12:00","11/08/2018","17:12:48",586039,9767,162.8,6.8,"Imagenes_renombradas/C4T2P21","C4T2P21__2018-08-11__17-12-48(1).JPG","Odocoileus virginianus","Species|Odocoileus virginianus","2018-08-11 17:12:00","2018-08-11"
"126",858,"C4T2P21","Odocoileus virginianus","19/08/2018 8:29:00","19/08/2018","8:29:46",659611,10994,183.2,7.6,"Imagenes_renombradas/C4T2P21","C4T2P21__2018-08-19__08-29-46(1).JPG","Odocoileus virginianus","Species|Odocoileus virginianus","2018-08-19 08:29:00","2018-08-19"
"127",859,"C4T2P21","Odocoileus virginianus","22/08/2018 20:19:00","22/08/2018","20:19:33",301559,5026,83.8,3.5,"Imagenes_renombradas/C4T2P21","C4T2P21__2018-08-22__20-19-33(1).JPG","Odocoileus virginianus","Species|Odocoileus virginianus","2018-08-22 20:19:00","2018-08-22"
"128",958,"C4T3P21","Odocoileus virginianus","28/06/2018 23:17:00","28/06/2018","23:17:27",0,0,0,0,"Imagenes_renombradas/C4T3P21","C4T3P21__2018-06-28__23-17-27(1).JPG","Odocoileus virginianus","Species|Odocoileus virginianus","2018-06-28 23:17:00","2018-06-28"
"129",959,"C4T3P21","Odocoileus virginianus","14/07/2018 9:01:00","14/07/2018","9:01:49",1331059,22184,369.7,15.4,"Imagenes_renombradas/C4T3P21","C4T3P21__2018-07-14__09-01-49(1).JPG","Odocoileus virginianus","Species|Odocoileus virginianus","2018-07-14 09:01:00","2018-07-14"
"130",960,"C4T3P21","Odocoileus virginianus","18/08/2018 11:14:00","18/08/2018","11:14:57",3031946,50532,842.2,35.1,"Imagenes_renombradas/C4T3P21","C4T3P21__2018-08-18__11-14-57(1).JPG","Odocoileus virginianus","Species|Odocoileus virginianus","2018-08-18 11:14:00","2018-08-18"
"131",961,"C4T3P21","Odocoileus virginianus","21/08/2018 11:55:00","21/08/2018","11:55:25",261602,4360,72.7,3,"Imagenes_renombradas/C4T3P21","C4T3P21__2018-08-21__11-55-25(1).JPG","Odocoileus virginianus","Species|Odocoileus virginianus","2018-08-21 11:55:00","2018-08-21"
"132",1147,"C5T1P1","Conepatus leuconotus","02/05/2018 5:16:00","2/05/2018","5:16:44",0,0,0,0,"Imagenes_renombradas/C5T1P1","C5T1P1__2018-05-02__05-16-44(1).JPG","Conepatus leuconotus","Species|Conepatus leuconotus","2018-05-02 05:16:00","2018-05-02"
"133",1148,"C5T1P1","Conepatus leuconotus","13/05/2018 22:30:00","13/05/2018","22:30:08",1012402,16873,281.2,11.7,"Imagenes_renombradas/C5T1P1","C5T1P1__2018-05-13__22-30-08(1).JPG","Conepatus leuconotus","Species|Conepatus leuconotus","2018-05-13 22:30:00","2018-05-13"
"134",1149,"C5T1P1","Conepatus leuconotus","05/06/2018 20:09:00","5/06/2018","20:09:07",1978736,32979,549.6,22.9,"Imagenes_renombradas/C5T1P1","C5T1P1__2018-06-05__20-09-07(1).JPG","Conepatus leuconotus","Species|Conepatus leuconotus","2018-06-05 20:09:00","2018-06-05"
"135",1150,"C5T1P1","Conepatus leuconotus","21/06/2018 19:35:00","21/06/2018","19:35:20",1380373,23006,383.4,16,"Imagenes_renombradas/C5T1P1","C5T1P1__2018-06-21__19-35-20(1).JPG","Conepatus leuconotus","Species|Conepatus leuconotus","2018-06-21 19:35:00","2018-06-21"
"136",1151,"C5T1P1","Conepatus leuconotus","07/07/2018 5:32:00","7/07/2018","5:32:51",1331848,22197,369.9,15.4,"Imagenes_renombradas/C5T1P1","C5T1P1__2018-07-07__05-32-51(1).JPG","Conepatus leuconotus","Species|Conepatus leuconotus","2018-07-07 05:32:00","2018-07-07"
"137",1162,"C5T1P1","Odocoileus virginianus","19/07/2018 14:16:00","19/07/2018","14:16:02",0,0,0,0,"Imagenes_renombradas/C5T1P1","C5T1P1__2018-07-19__14-16-02(1).JPG","Odocoileus virginianus","Species|Odocoileus virginianus","2018-07-19 14:16:00","2018-07-19"
"138",1163,"C5T1P1","Odocoileus virginianus","03/08/2018 10:39:00","3/08/2018","10:39:04",1282982,21383,356.4,14.8,"Imagenes_renombradas/C5T1P1","C5T1P1__2018-08-03__10-39-04(1).JPG","Odocoileus virginianus","Species|Odocoileus virginianus","2018-08-03 10:39:00","2018-08-03"
"139",1164,"C5T1P1","Odocoileus virginianus","10/08/2018 10:07:00","10/08/2018","10:07:16",602892,10048,167.5,7,"Imagenes_renombradas/C5T1P1","C5T1P1__2018-08-10__10-07-16(1).JPG","Odocoileus virginianus","Species|Odocoileus virginianus","2018-08-10 10:07:00","2018-08-10"
"140",1165,"C5T1P1","Odocoileus virginianus","20/08/2018 18:45:00","20/08/2018","18:45:47",895108,14918,248.6,10.4,"Imagenes_renombradas/C5T1P1","C5T1P1__2018-08-20__18-45-47(1).JPG","Odocoileus virginianus","Species|Odocoileus virginianus","2018-08-20 18:45:00","2018-08-20"
"141",1166,"C5T1P1","Pecari tajacu","25/04/2018 18:11:00","25/04/2018","18:11:56",0,0,0,0,"Imagenes_renombradas/C5T1P1","C5T1P1__2018-04-25__18-11-56(1).JPG","Pecari tajacu","Species|Pecari tajacu","2018-04-25 18:11:00","2018-04-25"
"142",1167,"C5T1P1","Pecari tajacu","26/04/2018 17:51:00","26/04/2018","17:51:26",84881,1415,23.6,1,"Imagenes_renombradas/C5T1P1","C5T1P1__2018-04-26__17-51-26(1).JPG","Pecari tajacu","Species|Pecari tajacu","2018-04-26 17:51:00","2018-04-26"
"143",1168,"C5T1P1","Pecari tajacu","28/04/2018 6:27:00","28/04/2018","6:27:08",131505,2192,36.5,1.5,"Imagenes_renombradas/C5T1P1","C5T1P1__2018-04-28__06-27-08(1).JPG","Pecari tajacu","Species|Pecari tajacu","2018-04-28 06:27:00","2018-04-28"
"144",1169,"C5T1P1","Pecari tajacu","28/04/2018 18:00:00","28/04/2018","18:00:06",41344,689,11.5,0.5,"Imagenes_renombradas/C5T1P1","C5T1P1__2018-04-28__18-00-06(1).JPG","Pecari tajacu","Species|Pecari tajacu","2018-04-28 18:00:00","2018-04-28"
"145",1170,"C5T1P1","Pecari tajacu","30/04/2018 17:54:00","30/04/2018","17:54:49",172440,2874,47.9,2,"Imagenes_renombradas/C5T1P1","C5T1P1__2018-04-30__17-54-49(1).JPG","Pecari tajacu","Species|Pecari tajacu","2018-04-30 17:54:00","2018-04-30"
"146",1171,"C5T1P1","Pecari tajacu","01/05/2018 22:13:00","1/05/2018","22:13:56",101704,1695,28.2,1.2,"Imagenes_renombradas/C5T1P1","C5T1P1__2018-05-01__22-13-56(1).JPG","Pecari tajacu","Species|Pecari tajacu","2018-05-01 22:13:00","2018-05-01"
"147",1172,"C5T1P1","Pecari tajacu","03/05/2018 7:11:00","3/05/2018","7:11:34",118304,1972,32.9,1.4,"Imagenes_renombradas/C5T1P1","C5T1P1__2018-05-03__07-11-34(1).JPG","Pecari tajacu","Species|Pecari tajacu","2018-05-03 07:11:00","2018-05-03"
"148",1173,"C5T1P1","Pecari tajacu","04/05/2018 3:42:00","4/05/2018","3:42:42",73827,1230,20.5,0.9,"Imagenes_renombradas/C5T1P1","C5T1P1__2018-05-04__03-42-42(1).JPG","Pecari tajacu","Species|Pecari tajacu","2018-05-04 03:42:00","2018-05-04"
"149",1174,"C5T1P1","Pecari tajacu","05/05/2018 8:29:00","5/05/2018","8:29:49",103603,1727,28.8,1.2,"Imagenes_renombradas/C5T1P1","C5T1P1__2018-05-05__08-29-49(1).JPG","Pecari tajacu","Species|Pecari tajacu","2018-05-05 08:29:00","2018-05-05"
"150",1175,"C5T1P1","Pecari tajacu","07/05/2018 17:14:00","7/05/2018","17:14:03",204251,3404,56.7,2.4,"Imagenes_renombradas/C5T1P1","C5T1P1__2018-05-07__17-14-03(1).JPG","Pecari tajacu","Species|Pecari tajacu","2018-05-07 17:14:00","2018-05-07"
"151",1176,"C5T1P1","Pecari tajacu","09/05/2018 23:41:00","9/05/2018","23:41:39",196052,3268,54.5,2.3,"Imagenes_renombradas/C5T1P1","C5T1P1__2018-05-09__23-41-39(1).JPG","Pecari tajacu","Species|Pecari tajacu","2018-05-09 23:41:00","2018-05-09"
"152",1177,"C5T1P1","Pecari tajacu","11/05/2018 6:08:00","11/05/2018","6:08:38",109601,1827,30.4,1.3,"Imagenes_renombradas/C5T1P1","C5T1P1__2018-05-11__06-08-38(1).JPG","Pecari tajacu","Species|Pecari tajacu","2018-05-11 06:08:00","2018-05-11"
"153",1178,"C5T1P1","Pecari tajacu","14/05/2018 23:20:00","14/05/2018","23:20:15",321094,5352,89.2,3.7,"Imagenes_renombradas/C5T1P1","C5T1P1__2018-05-14__23-20-15(1).JPG","Pecari tajacu","Species|Pecari tajacu","2018-05-14 23:20:00","2018-05-14"
"154",1179,"C5T1P1","Pecari tajacu","15/05/2018 22:36:00","15/05/2018","22:36:43",83734,1396,23.3,1,"Imagenes_renombradas/C5T1P1","C5T1P1__2018-05-15__22-36-43(1).JPG","Pecari tajacu","Species|Pecari tajacu","2018-05-15 22:36:00","2018-05-15"
"155",1180,"C5T1P1","Pecari tajacu","15/05/2018 23:52:00","15/05/2018","23:52:12",4525,75,1.2,0,"Imagenes_renombradas/C5T1P1","C5T1P1__2018-05-15__23-52-12(1).JPG","Pecari tajacu","Species|Pecari tajacu","2018-05-15 23:52:00","2018-05-15"
"156",1181,"C5T1P1","Pecari tajacu","27/05/2018 5:38:00","27/05/2018","5:38:23",971168,16186,269.8,11.2,"Imagenes_renombradas/C5T1P1","C5T1P1__2018-05-27__05-38-23(1).JPG","Pecari tajacu","Species|Pecari tajacu","2018-05-27 05:38:00","2018-05-27"
"157",1182,"C5T1P1","Pecari tajacu","30/05/2018 23:30:00","30/05/2018","23:30:57",321182,5353,89.2,3.7,"Imagenes_renombradas/C5T1P1","C5T1P1__2018-05-30__23-30-57(1).JPG","Pecari tajacu","Species|Pecari tajacu","2018-05-30 23:30:00","2018-05-30"
"158",1183,"C5T1P1","Pecari tajacu","31/05/2018 4:43:00","31/05/2018","4:43:02",18701,312,5.2,0.2,"Imagenes_renombradas/C5T1P1","C5T1P1__2018-05-31__04-43-02(1).JPG","Pecari tajacu","Species|Pecari tajacu","2018-05-31 04:43:00","2018-05-31"
"159",1184,"C5T1P1","Pecari tajacu","07/06/2018 0:20:00","7/06/2018","0:20:37",589015,9817,163.6,6.8,"Imagenes_renombradas/C5T1P1","C5T1P1__2018-06-07__00-20-37(1).JPG","Pecari tajacu","Species|Pecari tajacu","2018-06-07 00:20:00","2018-06-07"
"160",1185,"C5T1P1","Pecari tajacu","07/06/2018 7:09:00","7/06/2018","7:09:04",24108,402,6.7,0.3,"Imagenes_renombradas/C5T1P1","C5T1P1__2018-06-07__07-09-04(1).JPG","Pecari tajacu","Species|Pecari tajacu","2018-06-07 07:09:00","2018-06-07"
"161",1186,"C5T1P1","Pecari tajacu","08/06/2018 5:39:00","8/06/2018","5:39:12",81005,1350,22.5,0.9,"Imagenes_renombradas/C5T1P1","C5T1P1__2018-06-08__05-39-12(1).JPG","Pecari tajacu","Species|Pecari tajacu","2018-06-08 05:39:00","2018-06-08"
"162",1187,"C5T1P1","Pecari tajacu","13/06/2018 19:15:00","13/06/2018","19:15:23",480562,8009,133.5,5.6,"Imagenes_renombradas/C5T1P1","C5T1P1__2018-06-13__19-15-23(1).JPG","Pecari tajacu","Species|Pecari tajacu","2018-06-13 19:15:00","2018-06-13"
"163",1188,"C5T1P1","Pecari tajacu","14/06/2018 6:03:00","14/06/2018","6:03:59",38815,647,10.8,0.4,"Imagenes_renombradas/C5T1P1","C5T1P1__2018-06-14__06-03-59(1).JPG","Pecari tajacu","Species|Pecari tajacu","2018-06-14 06:03:00","2018-06-14"
"164",1189,"C5T1P1","Pecari tajacu","18/06/2018 7:24:00","18/06/2018","7:24:21",348916,5815,96.9,4,"Imagenes_renombradas/C5T1P1","C5T1P1__2018-06-18__07-24-21(1).JPG","Pecari tajacu","Species|Pecari tajacu","2018-06-18 07:24:00","2018-06-18"
"165",1190,"C5T1P1","Pecari tajacu","20/07/2018 7:36:00","20/07/2018","7:36:30",2765398,46090,768.2,32,"Imagenes_renombradas/C5T1P1","C5T1P1__2018-07-20__07-36-30(1).JPG","Pecari tajacu","Species|Pecari tajacu","2018-07-20 07:36:00","2018-07-20"
"166",1267,"C5T1P11","Pecari tajacu","01/06/2018 7:12:00","1/06/2018","7:12:59",0,0,0,0,"Imagenes_renombradas/C5T1P11","C5T1P11__2018-06-01__07-12-59(1).JPG","Pecari tajacu","Species|Pecari tajacu","2018-06-01 07:12:00","2018-06-01"
"167",1311,"C5T1P21","Conepatus leuconotus","23/05/2018 22:35:00","23/05/2018","22:35:51",0,0,0,0,"Imagenes_renombradas/C5T1P21","C5T1P21__2018-05-23__22-35-51(1).JPG","Conepatus leuconotus","Species|Conepatus leuconotus","2018-05-23 22:35:00","2018-05-23"
"168",1312,"C5T1P21","Conepatus leuconotus","25/05/2018 23:25:00","25/05/2018","23:25:40",175785,2930,48.8,2,"Imagenes_renombradas/C5T1P21","C5T1P21__2018-05-25__23-25-40(1).JPG","Conepatus leuconotus","Species|Conepatus leuconotus","2018-05-25 23:25:00","2018-05-25"
"169",1313,"C5T1P21","Conepatus leuconotus","22/06/2018 4:37:00","22/06/2018","4:37:38",2351517,39192,653.2,27.2,"Imagenes_renombradas/C5T1P21","C5T1P21__2018-06-22__04-37-38(1).JPG","Conepatus leuconotus","Species|Conepatus leuconotus","2018-06-22 04:37:00","2018-06-22"
"170",1315,"C5T1P21","Odocoileus virginianus","22/06/2018 15:52:00","22/06/2018","15:52:08",0,0,0,0,"Imagenes_renombradas/C5T1P21","C5T1P21__2018-06-22__15-52-08(1).JPG","Odocoileus virginianus","Species|Odocoileus virginianus","2018-06-22 15:52:00","2018-06-22"
"171",1316,"C5T1P21","Odocoileus virginianus","23/07/2018 7:36:00","23/07/2018","7:36:06",2648638,44144,735.7,30.7,"Imagenes_renombradas/C5T1P21","C5T1P21__2018-07-23__07-36-06(1).JPG","Odocoileus virginianus","Species|Odocoileus virginianus","2018-07-23 07:36:00","2018-07-23"
"172",1317,"C5T1P21","Odocoileus virginianus","13/08/2018 17:18:00","13/08/2018","17:18:33",1849327,30822,513.7,21.4,"Imagenes_renombradas/C5T1P21","C5T1P21__2018-08-13__17-18-33(1).JPG","Odocoileus virginianus","Species|Odocoileus virginianus","2018-08-13 17:18:00","2018-08-13"
"173",1318,"C5T1P21","Odocoileus virginianus","17/08/2018 10:16:00","17/08/2018","10:16:47",320263,5338,89,3.7,"Imagenes_renombradas/C5T1P21","C5T1P21__2018-08-17__10-16-47(1).JPG","Odocoileus virginianus","Species|Odocoileus virginianus","2018-08-17 10:16:00","2018-08-17"
"174",1319,"C5T1P21","Odocoileus virginianus","19/08/2018 15:09:00","19/08/2018","15:09:22",190353,3173,52.9,2.2,"Imagenes_renombradas/C5T1P21","C5T1P21__2018-08-19__15-09-22(1).JPG","Odocoileus virginianus","Species|Odocoileus virginianus","2018-08-19 15:09:00","2018-08-19"
"175",1320,"C5T1P21","Odocoileus virginianus","24/08/2018 1:23:00","24/08/2018","1:23:29",382444,6374,106.2,4.4,"Imagenes_renombradas/C5T1P21","C5T1P21__2018-08-24__01-23-29(1).JPG","Odocoileus virginianus","Species|Odocoileus virginianus","2018-08-24 01:23:00","2018-08-24"
"176",1321,"C5T1P21","Pecari tajacu","01/05/2018 4:40:00","1/05/2018","4:40:42",0,0,0,0,"Imagenes_renombradas/C5T1P21","C5T1P21__2018-05-01__04-40-42(1).JPG","Pecari tajacu","Species|Pecari tajacu","2018-05-01 04:40:00","2018-05-01"
"177",1322,"C5T1P21","Pecari tajacu","01/05/2018 6:04:00","1/05/2018","6:04:47",4821,80,1.3,0.1,"Imagenes_renombradas/C5T1P21","C5T1P21__2018-05-01__06-04-47(1).JPG","Pecari tajacu","Species|Pecari tajacu","2018-05-01 06:04:00","2018-05-01"
"178",1323,"C5T1P21","Pecari tajacu","12/05/2018 5:47:00","12/05/2018","5:47:54",948436,15807,263.4,11,"Imagenes_renombradas/C5T1P21","C5T1P21__2018-05-12__05-47-54(1).JPG","Pecari tajacu","Species|Pecari tajacu","2018-05-12 05:47:00","2018-05-12"
"179",1324,"C5T1P21","Pecari tajacu","15/05/2018 6:30:00","15/05/2018","6:30:18",261742,4362,72.7,3,"Imagenes_renombradas/C5T1P21","C5T1P21__2018-05-15__06-30-18(1).JPG","Pecari tajacu","Species|Pecari tajacu","2018-05-15 06:30:00","2018-05-15"
"180",1325,"C5T1P21","Pecari tajacu","08/06/2018 20:47:00","8/06/2018","20:47:55",2125057,35418,590.3,24.6,"Imagenes_renombradas/C5T1P21","C5T1P21__2018-06-08__20-47-55(1).JPG","Pecari tajacu","Species|Pecari tajacu","2018-06-08 20:47:00","2018-06-08"
"181",1326,"C5T1P21","Pecari tajacu","23/06/2018 7:46:00","23/06/2018","7:46:49",1248986,20816,346.9,14.5,"Imagenes_renombradas/C5T1P21","C5T1P21__2018-06-23__07-46-49(1).JPG","Pecari tajacu","Species|Pecari tajacu","2018-06-23 07:46:00","2018-06-23"
"182",1327,"C5T1P21","Pecari tajacu","30/06/2018 20:12:00","30/06/2018","20:12:21",649531,10826,180.4,7.5,"Imagenes_renombradas/C5T1P21","C5T1P21__2018-06-30__20-12-21(1).JPG","Pecari tajacu","Species|Pecari tajacu","2018-06-30 20:12:00","2018-06-30"
"183",1328,"C5T1P21","Pecari tajacu","04/07/2018 3:23:00","4/07/2018","3:23:55",285075,4751,79.2,3.3,"Imagenes_renombradas/C5T1P21","C5T1P21__2018-07-04__03-23-55(1).JPG","Pecari tajacu","Species|Pecari tajacu","2018-07-04 03:23:00","2018-07-04"
"184",1329,"C5T1P21","Pecari tajacu","13/07/2018 18:21:00","13/07/2018","18:21:30",830959,13849,230.8,9.6,"Imagenes_renombradas/C5T1P21","C5T1P21__2018-07-13__18-21-30(1).JPG","Pecari tajacu","Species|Pecari tajacu","2018-07-13 18:21:00","2018-07-13"
"185",1330,"C5T1P21","Pecari tajacu","17/07/2018 19:52:00","17/07/2018","19:52:19",350846,5847,97.5,4.1,"Imagenes_renombradas/C5T1P21","C5T1P21__2018-07-17__19-52-19(1).JPG","Pecari tajacu","Species|Pecari tajacu","2018-07-17 19:52:00","2018-07-17"
"186",1331,"C5T1P21","Pecari tajacu","17/07/2018 21:36:00","17/07/2018","21:36:19",6218,104,1.7,0.1,"Imagenes_renombradas/C5T1P21","C5T1P21__2018-07-17__21-36-19(1).JPG","Pecari tajacu","Species|Pecari tajacu","2018-07-17 21:36:00","2018-07-17"
"187",1332,"C5T1P21","Pecari tajacu","23/08/2018 9:05:00","23/08/2018","9:05:08",3151704,52528,875.5,36.5,"Imagenes_renombradas/C5T1P21","C5T1P21__2018-08-23__09-05-08(1).JPG","Pecari tajacu","Species|Pecari tajacu","2018-08-23 09:05:00","2018-08-23"
"188",1393,"C5T2P1","Conepatus leuconotus","02/05/2018 0:38:00","2/05/2018","0:38:47",0,0,0,0,"Imagenes_renombradas/C5T2P1","C5T2P1__2018-05-02__00-38-47(1).JPG","Conepatus leuconotus","Species|Conepatus leuconotus","2018-05-02 00:38:00","2018-05-02"
"189",1394,"C5T2P1","Conepatus leuconotus","11/05/2018 3:59:00","11/05/2018","3:59:46",789655,13161,219.3,9.1,"Imagenes_renombradas/C5T2P1","C5T2P1__2018-05-11__03-59-46(1).JPG","Conepatus leuconotus","Species|Conepatus leuconotus","2018-05-11 03:59:00","2018-05-11"
"190",1395,"C5T2P1","Conepatus leuconotus","11/05/2018 20:21:00","11/05/2018","20:21:18",58888,981,16.4,0.7,"Imagenes_renombradas/C5T2P1","C5T2P1__2018-05-11__20-21-18(1).JPG","Conepatus leuconotus","Species|Conepatus leuconotus","2018-05-11 20:21:00","2018-05-11"
"191",1396,"C5T2P1","Conepatus leuconotus","13/05/2018 23:17:00","13/05/2018","23:17:27",183366,3056,50.9,2.1,"Imagenes_renombradas/C5T2P1","C5T2P1__2018-05-13__23-17-27(1).JPG","Conepatus leuconotus","Species|Conepatus leuconotus","2018-05-13 23:17:00","2018-05-13"
"192",1397,"C5T2P1","Conepatus leuconotus","15/05/2018 20:39:00","15/05/2018","20:39:53",163343,2722,45.4,1.9,"Imagenes_renombradas/C5T2P1","C5T2P1__2018-05-15__20-39-53(1).JPG","Conepatus leuconotus","Species|Conepatus leuconotus","2018-05-15 20:39:00","2018-05-15"
"193",1398,"C5T2P1","Conepatus leuconotus","17/05/2018 0:11:00","17/05/2018","0:11:20",99084,1651,27.5,1.1,"Imagenes_renombradas/C5T2P1","C5T2P1__2018-05-17__00-11-20(1).JPG","Conepatus leuconotus","Species|Conepatus leuconotus","2018-05-17 00:11:00","2018-05-17"
"194",1399,"C5T2P1","Conepatus leuconotus","17/05/2018 22:43:00","17/05/2018","22:43:00",81097,1352,22.5,0.9,"Imagenes_renombradas/C5T2P1","C5T2P1__2018-05-17__22-43-00(1).JPG","Conepatus leuconotus","Species|Conepatus leuconotus","2018-05-17 22:43:00","2018-05-17"
"195",1400,"C5T2P1","Conepatus leuconotus","20/05/2018 2:20:00","20/05/2018","2:20:00",185817,3097,51.6,2.1,"Imagenes_renombradas/C5T2P1","C5T2P1__2018-05-20__02-20-00(1).JPG","Conepatus leuconotus","Species|Conepatus leuconotus","2018-05-20 02:20:00","2018-05-20"
"196",1401,"C5T2P1","Conepatus leuconotus","26/07/2018 4:29:00","26/07/2018","4:29:36",5796576,96610,1610.2,67.1,"Imagenes_renombradas/C5T2P1","C5T2P1__2018-07-26__04-29-36(1).JPG","Conepatus leuconotus","Species|Conepatus leuconotus","2018-07-26 04:29:00","2018-07-26"
"197",1406,"C5T2P1","Odocoileus virginianus","27/04/2018 6:12:00","27/04/2018","6:12:01",0,0,0,0,"Imagenes_renombradas/C5T2P1","C5T2P1__2018-04-27__06-12-01(1).JPG","Odocoileus virginianus","Species|Odocoileus virginianus","2018-04-27 06:12:00","2018-04-27"
"198",1407,"C5T2P1","Odocoileus virginianus","07/07/2018 20:23:00","7/07/2018","20:23:56",6185349,103089,1718.2,71.6,"Imagenes_renombradas/C5T2P1","C5T2P1__2018-07-07__20-23-56(1).JPG","Odocoileus virginianus","Species|Odocoileus virginianus","2018-07-07 20:23:00","2018-07-07"
"199",1408,"C5T2P1","Odocoileus virginianus","15/07/2018 1:35:00","15/07/2018","1:35:06",623468,10391,173.2,7.2,"Imagenes_renombradas/C5T2P1","C5T2P1__2018-07-15__01-35-06(1).JPG","Odocoileus virginianus","Species|Odocoileus virginianus","2018-07-15 01:35:00","2018-07-15"
"200",1409,"C5T2P1","Odocoileus virginianus","01/08/2018 19:44:00","1/08/2018","19:44:14",1534098,25568,426.1,17.8,"Imagenes_renombradas/C5T2P1","C5T2P1__2018-08-01__19-44-14(1).JPG","Odocoileus virginianus","Species|Odocoileus virginianus","2018-08-01 19:44:00","2018-08-01"
"201",1410,"C5T2P1","Pecari tajacu","04/05/2018 19:10:00","4/05/2018","19:10:35",0,0,0,0,"Imagenes_renombradas/C5T2P1","C5T2P1__2018-05-04__19-10-35(1).JPG","Pecari tajacu","Species|Pecari tajacu","2018-05-04 19:10:00","2018-05-04"
"202",1411,"C5T2P1","Pecari tajacu","19/07/2018 8:19:00","19/07/2018","8:19:52",6527263,108788,1813.1,75.5,"Imagenes_renombradas/C5T2P1","C5T2P1__2018-07-19__08-19-52(1).JPG","Pecari tajacu","Species|Pecari tajacu","2018-07-19 08:19:00","2018-07-19"
"203",1412,"C5T2P1","Pecari tajacu","07/08/2018 9:22:00","7/08/2018","9:22:25",1645301,27422,457,19,"Imagenes_renombradas/C5T2P1","C5T2P1__2018-08-07__09-22-25(1).JPG","Pecari tajacu","Species|Pecari tajacu","2018-08-07 09:22:00","2018-08-07"
"204",1445,"C5T2P11","Conepatus leuconotus","27/04/2018 22:12:00","27/04/2018","22:12:17",0,0,0,0,"Imagenes_renombradas/C5T2P11","C5T2P11__2018-04-27__22-12-17(1).JPG","Conepatus leuconotus","Species|Conepatus leuconotus","2018-04-27 22:12:00","2018-04-27"
"205",1446,"C5T2P11","Conepatus leuconotus","20/06/2018 2:01:00","20/06/2018","2:01:06",4592926,76549,1275.8,53.2,"Imagenes_renombradas/C5T2P11","C5T2P11__2018-06-20__02-01-06(1).JPG","Conepatus leuconotus","Species|Conepatus leuconotus","2018-06-20 02:01:00","2018-06-20"
"206",1447,"C5T2P11","Conepatus leuconotus","07/07/2018 21:08:00","7/07/2018","21:08:54",1537665,25628,427.1,17.8,"Imagenes_renombradas/C5T2P11","C5T2P11__2018-07-07__21-08-54(1).JPG","Conepatus leuconotus","Species|Conepatus leuconotus","2018-07-07 21:08:00","2018-07-07"
"207",1448,"C5T2P11","Conepatus leuconotus","10/07/2018 20:12:00","10/07/2018","20:12:47",255830,4264,71.1,3,"Imagenes_renombradas/C5T2P11","C5T2P11__2018-07-10__20-12-47(1).JPG","Conepatus leuconotus","Species|Conepatus leuconotus","2018-07-10 20:12:00","2018-07-10"
"208",1449,"C5T2P11","Conepatus leuconotus","11/07/2018 10:31:00","11/07/2018","10:31:51",51542,859,14.3,0.6,"Imagenes_renombradas/C5T2P11","C5T2P11__2018-07-11__10-31-51(1).JPG","Conepatus leuconotus","Species|Conepatus leuconotus","2018-07-11 10:31:00","2018-07-11"
"209",1450,"C5T2P11","Conepatus leuconotus","19/07/2018 4:15:00","19/07/2018","4:15:19",668605,11143,185.7,7.7,"Imagenes_renombradas/C5T2P11","C5T2P11__2018-07-19__04-15-19(1).JPG","Conepatus leuconotus","Species|Conepatus leuconotus","2018-07-19 04:15:00","2018-07-19"
"210",1454,"C5T2P11","Odocoileus virginianus","31/05/2018 6:38:00","31/05/2018","6:38:10",0,0,0,0,"Imagenes_renombradas/C5T2P11","C5T2P11__2018-05-31__06-38-10(1).JPG","Odocoileus virginianus","Species|Odocoileus virginianus","2018-05-31 06:38:00","2018-05-31"
"211",1455,"C5T2P11","Pecari tajacu","15/06/2018 17:53:00","15/06/2018","17:53:17",0,0,0,0,"Imagenes_renombradas/C5T2P11","C5T2P11__2018-06-15__17-53-17(1).JPG","Pecari tajacu","Species|Pecari tajacu","2018-06-15 17:53:00","2018-06-15"
"212",1456,"C5T2P11","Pecari tajacu","21/06/2018 23:57:00","21/06/2018","23:57:32",540189,9003,150.1,6.3,"Imagenes_renombradas/C5T2P11","C5T2P11__2018-06-21__23-57-32(1).JPG","Pecari tajacu","Species|Pecari tajacu","2018-06-21 23:57:00","2018-06-21"
"213",1457,"C5T2P11","Pecari tajacu","27/07/2018 18:35:00","27/07/2018","18:35:27",3091032,51517,858.6,35.8,"Imagenes_renombradas/C5T2P11","C5T2P11__2018-07-27__18-35-27(1).JPG","Pecari tajacu","Species|Pecari tajacu","2018-07-27 18:35:00","2018-07-27"
"214",1523,"C5T3P1","Conepatus leuconotus","31/05/2018 3:27:00","31/05/2018","3:27:08",0,0,0,0,"Imagenes_renombradas/C5T3P1","C5T3P1__2018-05-31__03-27-08(1).JPG","Conepatus leuconotus","Species|Conepatus leuconotus","2018-05-31 03:27:00","2018-05-31"
"215",1524,"C5T3P1","Odocoileus virginianus","10/06/2018 6:15:00","10/06/2018","6:15:04",0,0,0,0,"Imagenes_renombradas/C5T3P1","C5T3P1__2018-06-10__06-15-04(1).JPG","Odocoileus virginianus","Species|Odocoileus virginianus","2018-06-10 06:15:00","2018-06-10"
"216",1525,"C5T3P1","Odocoileus virginianus","23/07/2018 13:09:00","23/07/2018","13:09:59",3740095,62335,1038.9,43.3,"Imagenes_renombradas/C5T3P1","C5T3P1__2018-07-23__13-09-59(1).JPG","Odocoileus virginianus","Species|Odocoileus virginianus","2018-07-23 13:09:00","2018-07-23"
"217",1526,"C5T3P1","Odocoileus virginianus","04/08/2018 14:07:00","4/08/2018","14:07:32",1040250,17338,289,12,"Imagenes_renombradas/C5T3P1","C5T3P1__2018-08-04__14-07-32(1).JPG","Odocoileus virginianus","Species|Odocoileus virginianus","2018-08-04 14:07:00","2018-08-04"
"218",1527,"C5T3P1","Odocoileus virginianus","04/08/2018 16:06:00","4/08/2018","16:06:15",7123,119,2,0.1,"Imagenes_renombradas/C5T3P1","C5T3P1__2018-08-04__16-06-15(1).JPG","Odocoileus virginianus","Species|Odocoileus virginianus","2018-08-04 16:06:00","2018-08-04"
"219",1528,"C5T3P1","Odocoileus virginianus","09/08/2018 14:06:00","9/08/2018","14:06:44",424829,7080,118,4.9,"Imagenes_renombradas/C5T3P1","C5T3P1__2018-08-09__14-06-44(1).JPG","Odocoileus virginianus","Species|Odocoileus virginianus","2018-08-09 14:06:00","2018-08-09"
"220",1529,"C5T3P1","Pecari tajacu","12/05/2018 6:14:00","12/05/2018","6:14:50",0,0,0,0,"Imagenes_renombradas/C5T3P1","C5T3P1__2018-05-12__06-14-50(1).JPG","Pecari tajacu","Species|Pecari tajacu","2018-05-12 06:14:00","2018-05-12"
"221",1530,"C5T3P1","Pecari tajacu","18/06/2018 17:46:00","18/06/2018","17:46:41",3238307,53972,899.5,37.5,"Imagenes_renombradas/C5T3P1","C5T3P1__2018-06-18__17-46-41(1).JPG","Pecari tajacu","Species|Pecari tajacu","2018-06-18 17:46:00","2018-06-18"
"222",1531,"C5T3P1","Pecari tajacu","01/07/2018 19:01:00","1/07/2018","19:01:30",1127647,18794,313.2,13,"Imagenes_renombradas/C5T3P1","C5T3P1__2018-07-01__19-01-30(1).JPG","Pecari tajacu","Species|Pecari tajacu","2018-07-01 19:01:00","2018-07-01"
"223",1532,"C5T3P1","Pecari tajacu","02/07/2018 7:01:00","2/07/2018","7:01:13",43100,718,12,0.5,"Imagenes_renombradas/C5T3P1","C5T3P1__2018-07-02__07-01-13(1).JPG","Pecari tajacu","Species|Pecari tajacu","2018-07-02 07:01:00","2018-07-02"
"224",1533,"C5T3P1","Pecari tajacu","17/08/2018 22:53:00","17/08/2018","22:53:16",4031522,67192,1119.9,46.7,"Imagenes_renombradas/C5T3P1","C5T3P1__2018-08-17__22-53-16(1).JPG","Pecari tajacu","Species|Pecari tajacu","2018-08-17 22:53:00","2018-08-17"
"225",1573,"C5T3P21","Conepatus leuconotus","15/06/2018 1:07:00","15/06/2018","1:07:32",0,0,0,0,"Imagenes_renombradas/C5T3P21","C5T3P21__2018-06-15__01-07-32(1).JPG","Conepatus leuconotus","Species|Conepatus leuconotus","2018-06-15 01:07:00","2018-06-15"
"226",1574,"C5T3P21","Odocoileus virginianus","15/06/2018 7:42:00","15/06/2018","7:42:48",0,0,0,0,"Imagenes_renombradas/C5T3P21","C5T3P21__2018-06-15__07-42-48(1).JPG","Odocoileus virginianus","Species|Odocoileus virginianus","2018-06-15 07:42:00","2018-06-15"
"227",1575,"C5T3P21","Odocoileus virginianus","01/07/2018 9:08:00","1/07/2018","9:08:08",1387517,23125,385.4,16.1,"Imagenes_renombradas/C5T3P21","C5T3P21__2018-07-01__09-08-08(1).JPG","Odocoileus virginianus","Species|Odocoileus virginianus","2018-07-01 09:08:00","2018-07-01"
"228",1576,"C5T3P21","Pecari tajacu","22/06/2018 8:40:00","22/06/2018","8:40:39",0,0,0,0,"Imagenes_renombradas/C5T3P21","C5T3P21__2018-06-22__08-40-39(1).JPG","Pecari tajacu","Species|Pecari tajacu","2018-06-22 08:40:00","2018-06-22"
"229",1577,"C5T3P21","Pecari tajacu","30/06/2018 8:56:00","30/06/2018","8:56:36",692136,11536,192.3,8,"Imagenes_renombradas/C5T3P21","C5T3P21__2018-06-30__08-56-36(1).JPG","Pecari tajacu","Species|Pecari tajacu","2018-06-30 08:56:00","2018-06-30"
"230",1601,"C6T1P11","Odocoileus virginianus","16/02/2018 10:19:00","16/02/2018","10:19:45",0,0,0,0,"Imagenes_renombradas/C6T1P11","C6T1P11__2018-02-16__10-19-45(1).JPG","Odocoileus virginianus","Species|Odocoileus virginianus","2018-02-16 10:19:00","2018-02-16"
"231",1604,"C6T1P21","Odocoileus virginianus","28/01/2018 10:33:00","28/01/2018","10:33:41",0,0,0,0,"Imagenes_renombradas/C6T1P21","C6T1P21__2018-01-28__10-33-41(1).JPG","Odocoileus virginianus","Species|Odocoileus virginianus","2018-01-28 10:33:00","2018-01-28"
"232",1629,"C6T2P11","Odocoileus virginianus","21/04/2018 18:44:00","21/04/2018","18:44:25",0,0,0,0,"Imagenes_renombradas/C6T2P11","C6T2P11__2018-04-21__18-44-25(1).JPG","Odocoileus virginianus","Species|Odocoileus virginianus","2018-04-21 18:44:00","2018-04-21"
"233",1642,"CB18P10","Odocoileus virginianus","13/05/2018 7:55:00","13/05/2018","7:55:51",0,0,0,0,"Imagenes_renombradas/CB18P10","CB18P10__2018-05-13__07-55-51(1).JPG","Odocoileus virginianus","Species|Odocoileus virginianus","2018-05-13 07:55:00","2018-05-13"
"234",1643,"CB18P10","Odocoileus virginianus","27/05/2018 18:29:00","27/05/2018","18:29:50",1245841,20764,346.1,14.4,"Imagenes_renombradas/CB18P10","CB18P10__2018-05-27__18-29-50(1).JPG","Odocoileus virginianus","Species|Odocoileus virginianus","2018-05-27 18:29:00","2018-05-27"
"235",1644,"CB18P10","Odocoileus virginianus","30/05/2018 7:56:00","30/05/2018","7:56:32",221199,3687,61.5,2.6,"Imagenes_renombradas/CB18P10","CB18P10__2018-05-30__07-56-32(1).JPG","Odocoileus virginianus","Species|Odocoileus virginianus","2018-05-30 07:56:00","2018-05-30"
"236",1645,"CB18P10","Odocoileus virginianus","31/05/2018 11:40:00","31/05/2018","11:40:18",99823,1664,27.7,1.2,"Imagenes_renombradas/CB18P10","CB18P10__2018-05-31__11-40-18(1).JPG","Odocoileus virginianus","Species|Odocoileus virginianus","2018-05-31 11:40:00","2018-05-31"
"237",1646,"CB18P10","Odocoileus virginianus","15/06/2018 3:17:00","15/06/2018","3:17:04",1265804,21097,351.6,14.7,"Imagenes_renombradas/CB18P10","CB18P10__2018-06-15__03-17-04(1).JPG","Odocoileus virginianus","Species|Odocoileus virginianus","2018-06-15 03:17:00","2018-06-15"
"238",1647,"CB18P10","Odocoileus virginianus","17/06/2018 23:30:00","17/06/2018","23:30:36",245608,4093,68.2,2.8,"Imagenes_renombradas/CB18P10","CB18P10__2018-06-17__23-30-36(1).JPG","Odocoileus virginianus","Species|Odocoileus virginianus","2018-06-17 23:30:00","2018-06-17"
"239",1648,"CB18P10","Odocoileus virginianus","30/06/2018 10:05:00","30/06/2018","10:05:40",1074901,17915,298.6,12.4,"Imagenes_renombradas/CB18P10","CB18P10__2018-06-30__10-05-40(1).JPG","Odocoileus virginianus","Species|Odocoileus virginianus","2018-06-30 10:05:00","2018-06-30"
"240",1649,"CB18P10","Odocoileus virginianus","06/07/2018 18:50:00","6/07/2018","18:50:19",546277,9105,151.8,6.3,"Imagenes_renombradas/CB18P10","CB18P10__2018-07-06__18-50-19(1).JPG","Odocoileus virginianus","Species|Odocoileus virginianus","2018-07-06 18:50:00","2018-07-06"
"241",1650,"CB18P10","Odocoileus virginianus","18/07/2018 12:42:00","18/07/2018","12:42:32",1011130,16852,280.9,11.7,"Imagenes_renombradas/CB18P10","CB18P10__2018-07-18__12-42-32(1).JPG","Odocoileus virginianus","Species|Odocoileus virginianus","2018-07-18 12:42:00","2018-07-18"
"242",1651,"CB18P10","Odocoileus virginianus","18/07/2018 13:42:00","18/07/2018","13:42:32",3600,60,1,0,"Imagenes_renombradas/CB18P10","CB18P10__2018-07-18__13-42-32(1).JPG","Odocoileus virginianus","Species|Odocoileus virginianus","2018-07-18 13:42:00","2018-07-18"
"243",1652,"CB18P10","Odocoileus virginianus","20/07/2018 8:15:00","20/07/2018","8:15:08",153156,2553,42.5,1.8,"Imagenes_renombradas/CB18P10","CB18P10__2018-07-20__08-15-08(1).JPG","Odocoileus virginianus","Species|Odocoileus virginianus","2018-07-20 08:15:00","2018-07-20"
"244",1653,"CB18P10","Odocoileus virginianus","24/07/2018 10:57:00","24/07/2018","10:57:43",351752,5863,97.7,4.1,"Imagenes_renombradas/CB18P10","CB18P10__2018-07-24__10-57-43(1).JPG","Odocoileus virginianus","Species|Odocoileus virginianus","2018-07-24 10:57:00","2018-07-24"
"245",1654,"CB18P10","Pecari tajacu","01/07/2018 21:37:00","1/07/2018","21:37:42",0,0,0,0,"Imagenes_renombradas/CB18P10","CB18P10__2018-07-01__21-37-42(1).JPG","Pecari tajacu","Species|Pecari tajacu","2018-07-01 21:37:00","2018-07-01"
"246",1683,"CB18P11","Odocoileus virginianus","01/05/2018 18:37:00","1/05/2018","18:37:19",0,0,0,0,"Imagenes_renombradas/CB18P11","CB18P11__2018-05-01__18-37-19(1).JPG","Odocoileus virginianus","Species|Odocoileus virginianus","2018-05-01 18:37:00","2018-05-01"
"247",1684,"CB18P11","Odocoileus virginianus","07/05/2018 11:26:00","7/05/2018","11:26:10",492528,8209,136.8,5.7,"Imagenes_renombradas/CB18P11","CB18P11__2018-05-07__11-26-10(1).JPG","Odocoileus virginianus","Species|Odocoileus virginianus","2018-05-07 11:26:00","2018-05-07"
"248",1685,"CB18P11","Odocoileus virginianus","12/05/2018 9:22:00","12/05/2018","9:22:34",424580,7076,117.9,4.9,"Imagenes_renombradas/CB18P11","CB18P11__2018-05-12__09-22-34(1).JPG","Odocoileus virginianus","Species|Odocoileus virginianus","2018-05-12 09:22:00","2018-05-12"
"249",1686,"CB18P11","Odocoileus virginianus","16/05/2018 9:20:00","16/05/2018","9:20:33",345475,5758,96,4,"Imagenes_renombradas/CB18P11","CB18P11__2018-05-16__09-20-33(1).JPG","Odocoileus virginianus","Species|Odocoileus virginianus","2018-05-16 09:20:00","2018-05-16"
"250",1687,"CB18P11","Odocoileus virginianus","17/05/2018 19:05:00","17/05/2018","19:05:27",121453,2024,33.7,1.4,"Imagenes_renombradas/CB18P11","CB18P11__2018-05-17__19-05-27(1).JPG","Odocoileus virginianus","Species|Odocoileus virginianus","2018-05-17 19:05:00","2018-05-17"
"251",1688,"CB18P11","Odocoileus virginianus","20/05/2018 18:49:00","20/05/2018","18:49:23",258192,4303,71.7,3,"Imagenes_renombradas/CB18P11","CB18P11__2018-05-20__18-49-23(1).JPG","Odocoileus virginianus","Species|Odocoileus virginianus","2018-05-20 18:49:00","2018-05-20"
"252",1689,"CB18P11","Odocoileus virginianus","22/05/2018 19:48:00","22/05/2018","19:48:55",176252,2938,49,2,"Imagenes_renombradas/CB18P11","CB18P11__2018-05-22__19-48-55(1).JPG","Odocoileus virginianus","Species|Odocoileus virginianus","2018-05-22 19:48:00","2018-05-22"
"253",1690,"CB18P11","Odocoileus virginianus","04/06/2018 19:53:00","4/06/2018","19:53:22",1123338,18722,312,13,"Imagenes_renombradas/CB18P11","CB18P11__2018-06-04__19-53-22(1).JPG","Odocoileus virginianus","Species|Odocoileus virginianus","2018-06-04 19:53:00","2018-06-04"
"254",1691,"CB18P11","Odocoileus virginianus","08/06/2018 11:00:00","8/06/2018","11:00:35",313629,5227,87.1,3.6,"Imagenes_renombradas/CB18P11","CB18P11__2018-06-08__11-00-35(1).JPG","Odocoileus virginianus","Species|Odocoileus virginianus","2018-06-08 11:00:00","2018-06-08"
"255",1692,"CB18P11","Odocoileus virginianus","09/06/2018 18:53:00","9/06/2018","18:53:06",114730,1912,31.9,1.3,"Imagenes_renombradas/CB18P11","CB18P11__2018-06-09__18-53-06(1).JPG","Odocoileus virginianus","Species|Odocoileus virginianus","2018-06-09 18:53:00","2018-06-09"
"256",1693,"CB18P11","Odocoileus virginianus","13/06/2018 11:38:00","13/06/2018","11:38:50",319492,5325,88.8,3.7,"Imagenes_renombradas/CB18P11","CB18P11__2018-06-13__11-38-50(1).JPG","Odocoileus virginianus","Species|Odocoileus virginianus","2018-06-13 11:38:00","2018-06-13"
"257",1694,"CB18P11","Odocoileus virginianus","14/06/2018 12:32:00","14/06/2018","12:32:05",89575,1493,24.9,1,"Imagenes_renombradas/CB18P11","CB18P11__2018-06-14__12-32-05(1).JPG","Odocoileus virginianus","Species|Odocoileus virginianus","2018-06-14 12:32:00","2018-06-14"
"258",1695,"CB18P11","Odocoileus virginianus","22/06/2018 20:47:00","22/06/2018","20:47:04",720896,12015,200.2,8.3,"Imagenes_renombradas/CB18P11","CB18P11__2018-06-22__20-47-04(1).JPG","Odocoileus virginianus","Species|Odocoileus virginianus","2018-06-22 20:47:00","2018-06-22"
"259",1696,"CB18P11","Odocoileus virginianus","25/06/2018 13:27:00","25/06/2018","13:27:56",229249,3821,63.7,2.7,"Imagenes_renombradas/CB18P11","CB18P11__2018-06-25__13-27-56(1).JPG","Odocoileus virginianus","Species|Odocoileus virginianus","2018-06-25 13:27:00","2018-06-25"
"260",1697,"CB18P11","Odocoileus virginianus","01/07/2018 16:18:00","1/07/2018","16:18:16",525017,8750,145.8,6.1,"Imagenes_renombradas/CB18P11","CB18P11__2018-07-01__16-18-16(1).JPG","Odocoileus virginianus","Species|Odocoileus virginianus","2018-07-01 16:18:00","2018-07-01"
"261",1698,"CB18P11","Odocoileus virginianus","02/07/2018 8:09:00","2/07/2018","8:09:30",53356,889,14.8,0.6,"Imagenes_renombradas/CB18P11","CB18P11__2018-07-02__08-09-30(1).JPG","Odocoileus virginianus","Species|Odocoileus virginianus","2018-07-02 08:09:00","2018-07-02"
"262",1699,"CB18P11","Odocoileus virginianus","06/07/2018 22:04:00","6/07/2018","22:04:53",391710,6528,108.8,4.5,"Imagenes_renombradas/CB18P11","CB18P11__2018-07-06__22-04-53(1).JPG","Odocoileus virginianus","Species|Odocoileus virginianus","2018-07-06 22:04:00","2018-07-06"
"263",1700,"CB18P11","Odocoileus virginianus","09/07/2018 8:38:00","9/07/2018","8:38:27",207161,3453,57.5,2.4,"Imagenes_renombradas/CB18P11","CB18P11__2018-07-09__08-38-27(1).JPG","Odocoileus virginianus","Species|Odocoileus virginianus","2018-07-09 08:38:00","2018-07-09"
"264",1701,"CB18P11","Odocoileus virginianus","09/07/2018 17:40:00","9/07/2018","17:40:02",28878,481,8,0.3,"Imagenes_renombradas/CB18P11","CB18P11__2018-07-09__17-40-02(1).JPG","Odocoileus virginianus","Species|Odocoileus virginianus","2018-07-09 17:40:00","2018-07-09"
"265",1702,"CB18P11","Odocoileus virginianus","18/07/2018 8:44:00","18/07/2018","8:44:08",741431,12357,205.9,8.6,"Imagenes_renombradas/CB18P11","CB18P11__2018-07-18__08-44-08(1).JPG","Odocoileus virginianus","Species|Odocoileus virginianus","2018-07-18 08:44:00","2018-07-18"
"266",1703,"CB18P11","Odocoileus virginianus","21/07/2018 17:35:00","21/07/2018","17:35:45",287433,4791,79.8,3.3,"Imagenes_renombradas/CB18P11","CB18P11__2018-07-21__17-35-45(1).JPG","Odocoileus virginianus","Species|Odocoileus virginianus","2018-07-21 17:35:00","2018-07-21"
"267",1704,"CB18P11","Odocoileus virginianus","27/07/2018 19:05:00","27/07/2018","19:05:51",520164,8669,144.5,6,"Imagenes_renombradas/CB18P11","CB18P11__2018-07-27__19-05-51(1).JPG","Odocoileus virginianus","Species|Odocoileus virginianus","2018-07-27 19:05:00","2018-07-27"
"268",1705,"CB18P11","Odocoileus virginianus","09/08/2018 14:53:00","9/08/2018","14:53:33",1104438,18407,306.8,12.8,"Imagenes_renombradas/CB18P11","CB18P11__2018-08-09__14-53-33(1).JPG","Odocoileus virginianus","Species|Odocoileus virginianus","2018-08-09 14:53:00","2018-08-09"
"269",1706,"CB18P11","Odocoileus virginianus","11/08/2018 21:56:00","11/08/2018","21:56:21",194565,3243,54,2.2,"Imagenes_renombradas/CB18P11","CB18P11__2018-08-11__21-56-21(1).JPG","Odocoileus virginianus","Species|Odocoileus virginianus","2018-08-11 21:56:00","2018-08-11"
"270",1707,"CB18P11","Odocoileus virginianus","18/08/2018 15:08:00","18/08/2018","15:08:04",576591,9610,160.2,6.7,"Imagenes_renombradas/CB18P11","CB18P11__2018-08-18__15-08-04(1).JPG","Odocoileus virginianus","Species|Odocoileus virginianus","2018-08-18 15:08:00","2018-08-18"
"271",1708,"CB18P11","Pecari tajacu","15/07/2018 20:20:00","15/07/2018","20:20:47",0,0,0,0,"Imagenes_renombradas/CB18P11","CB18P11__2018-07-15__20-20-47(1).JPG","Pecari tajacu","Species|Pecari tajacu","2018-07-15 20:20:00","2018-07-15"
"272",1711,"CB18P12","Conepatus leuconotus","27/06/2018 21:20:00","27/06/2018","21:20:13",0,0,0,0,"Imagenes_renombradas/CB18P12","CB18P12__2018-06-27__21-20-13(1).JPG","Conepatus leuconotus","Species|Conepatus leuconotus","2018-06-27 21:20:00","2018-06-27"
"273",1712,"CB18P12","Conepatus leuconotus","29/06/2018 20:53:00","29/06/2018","20:53:33",167595,2793,46.5,1.9,"Imagenes_renombradas/CB18P12","CB18P12__2018-06-29__20-53-33(1).JPG","Conepatus leuconotus","Species|Conepatus leuconotus","2018-06-29 20:53:00","2018-06-29"
"274",1713,"CB18P12","Conepatus leuconotus","29/06/2018 21:53:00","29/06/2018","21:53:33",3600,60,1,0,"Imagenes_renombradas/CB18P12","CB18P12__2018-06-29__21-53-33(1).JPG","Conepatus leuconotus","Species|Conepatus leuconotus","2018-06-29 21:53:00","2018-06-29"
"275",1714,"CB18P12","Odocoileus virginianus","21/05/2018 22:41:00","21/05/2018","22:41:03",0,0,0,0,"Imagenes_renombradas/CB18P12","CB18P12__2018-05-21__22-41-03(1).JPG","Odocoileus virginianus","Species|Odocoileus virginianus","2018-05-21 22:41:00","2018-05-21"
"276",1715,"CB18P12","Odocoileus virginianus","01/06/2018 8:44:00","1/06/2018","8:44:33",900186,15003,250.1,10.4,"Imagenes_renombradas/CB18P12","CB18P12__2018-06-01__08-44-33(1).JPG","Odocoileus virginianus","Species|Odocoileus virginianus","2018-06-01 08:44:00","2018-06-01"
"277",1716,"CB18P12","Odocoileus virginianus","11/06/2018 9:30:00","11/06/2018","9:30:53",866777,14446,240.8,10,"Imagenes_renombradas/CB18P12","CB18P12__2018-06-11__09-30-53(1).JPG","Odocoileus virginianus","Species|Odocoileus virginianus","2018-06-11 09:30:00","2018-06-11"
"278",1717,"CB18P12","Odocoileus virginianus","30/06/2018 10:46:00","30/06/2018","10:46:59",1646165,27436,457.3,19.1,"Imagenes_renombradas/CB18P12","CB18P12__2018-06-30__10-46-59(1).JPG","Odocoileus virginianus","Species|Odocoileus virginianus","2018-06-30 10:46:00","2018-06-30"
"279",1718,"CB18P12","Odocoileus virginianus","03/07/2018 15:44:00","3/07/2018","15:44:49",273468,4558,76,3.2,"Imagenes_renombradas/CB18P12","CB18P12__2018-07-03__15-44-49(1).JPG","Odocoileus virginianus","Species|Odocoileus virginianus","2018-07-03 15:44:00","2018-07-03"
"280",1719,"CB18P12","Odocoileus virginianus","13/07/2018 14:08:00","13/07/2018","14:08:30",854619,14244,237.4,9.9,"Imagenes_renombradas/CB18P12","CB18P12__2018-07-13__14-08-30(1).JPG","Odocoileus virginianus","Species|Odocoileus virginianus","2018-07-13 14:08:00","2018-07-13"
"281",1720,"CB18P12","Odocoileus virginianus","16/07/2018 10:55:00","16/07/2018","10:55:54",244042,4067,67.8,2.8,"Imagenes_renombradas/CB18P12","CB18P12__2018-07-16__10-55-54(1).JPG","Odocoileus virginianus","Species|Odocoileus virginianus","2018-07-16 10:55:00","2018-07-16"
"282",1721,"CB18P12","Odocoileus virginianus","16/07/2018 18:20:00","16/07/2018","18:20:37",23081,385,6.4,0.3,"Imagenes_renombradas/CB18P12","CB18P12__2018-07-16__18-20-37(1).JPG","Odocoileus virginianus","Species|Odocoileus virginianus","2018-07-16 18:20:00","2018-07-16"
"283",1722,"CB18P12","Odocoileus virginianus","29/07/2018 17:09:00","29/07/2018","17:09:27",1115328,18589,309.8,12.9,"Imagenes_renombradas/CB18P12","CB18P12__2018-07-29__17-09-27(1).JPG","Odocoileus virginianus","Species|Odocoileus virginianus","2018-07-29 17:09:00","2018-07-29"
"284",1723,"CB18P12","Odocoileus virginianus","06/08/2018 6:44:00","6/08/2018","6:44:47",650044,10834,180.6,7.5,"Imagenes_renombradas/CB18P12","CB18P12__2018-08-06__06-44-47(1).JPG","Odocoileus virginianus","Species|Odocoileus virginianus","2018-08-06 06:44:00","2018-08-06"
"285",1724,"CB18P12","Pecari tajacu","24/06/2018 6:47:00","24/06/2018","6:47:46",0,0,0,0,"Imagenes_renombradas/CB18P12","CB18P12__2018-06-24__06-47-46(1).JPG","Pecari tajacu","Species|Pecari tajacu","2018-06-24 06:47:00","2018-06-24"
"286",1725,"CB18P12","Pecari tajacu","10/07/2018 7:38:00","10/07/2018","7:38:24",1381794,23030,383.8,16,"Imagenes_renombradas/CB18P12","CB18P12__2018-07-10__07-38-24(1).JPG","Pecari tajacu","Species|Pecari tajacu","2018-07-10 07:38:00","2018-07-10"
"287",1743,"CB18P13","Conepatus leuconotus","20/06/2018 0:59:00","20/06/2018","0:59:07",0,0,0,0,"Imagenes_renombradas/CB18P13","CB18P13__2018-06-20__00-59-07(1).JPG","Conepatus leuconotus","Species|Conepatus leuconotus","2018-06-20 00:59:00","2018-06-20"
"288",1744,"CB18P13","Odocoileus virginianus","27/04/2018 0:10:00","27/04/2018","0:10:05",0,0,0,0,"Imagenes_renombradas/CB18P13","CB18P13__2018-04-27__00-10-05(1).JPG","Odocoileus virginianus","Species|Odocoileus virginianus","2018-04-27 00:10:00","2018-04-27"
"289",1745,"CB18P13","Odocoileus virginianus","28/04/2018 21:36:00","28/04/2018","21:36:32",163526,2725,45.4,1.9,"Imagenes_renombradas/CB18P13","CB18P13__2018-04-28__21-36-32(1).JPG","Odocoileus virginianus","Species|Odocoileus virginianus","2018-04-28 21:36:00","2018-04-28"
"290",1746,"CB18P13","Odocoileus virginianus","05/05/2018 9:30:00","5/05/2018","9:30:35",561240,9354,155.9,6.5,"Imagenes_renombradas/CB18P13","CB18P13__2018-05-05__09-30-35(1).JPG","Odocoileus virginianus","Species|Odocoileus virginianus","2018-05-05 09:30:00","2018-05-05"
"291",1747,"CB18P13","Odocoileus virginianus","06/05/2018 20:35:00","6/05/2018","20:35:14",126276,2105,35.1,1.5,"Imagenes_renombradas/CB18P13","CB18P13__2018-05-06__20-35-14(1).JPG","Odocoileus virginianus","Species|Odocoileus virginianus","2018-05-06 20:35:00","2018-05-06"
"292",1748,"CB18P13","Odocoileus virginianus","09/05/2018 18:29:00","9/05/2018","18:29:01",251624,4194,69.9,2.9,"Imagenes_renombradas/CB18P13","CB18P13__2018-05-09__18-29-01(1).JPG","Odocoileus virginianus","Species|Odocoileus virginianus","2018-05-09 18:29:00","2018-05-09"
"293",1749,"CB18P13","Odocoileus virginianus","12/05/2018 4:35:00","12/05/2018","4:35:26",208973,3483,58,2.4,"Imagenes_renombradas/CB18P13","CB18P13__2018-05-12__04-35-26(1).JPG","Odocoileus virginianus","Species|Odocoileus virginianus","2018-05-12 04:35:00","2018-05-12"
"294",1750,"CB18P13","Odocoileus virginianus","16/05/2018 0:26:00","16/05/2018","0:26:50",330681,5511,91.8,3.8,"Imagenes_renombradas/CB18P13","CB18P13__2018-05-16__00-26-50(1).JPG","Odocoileus virginianus","Species|Odocoileus virginianus","2018-05-16 00:26:00","2018-05-16"
"295",1751,"CB18P13","Odocoileus virginianus","21/05/2018 0:17:00","21/05/2018","0:17:37",431444,7191,119.8,5,"Imagenes_renombradas/CB18P13","CB18P13__2018-05-21__00-17-37(1).JPG","Odocoileus virginianus","Species|Odocoileus virginianus","2018-05-21 00:17:00","2018-05-21"
"296",1752,"CB18P13","Odocoileus virginianus","21/05/2018 12:08:00","21/05/2018","12:08:07",42562,709,11.8,0.5,"Imagenes_renombradas/CB18P13","CB18P13__2018-05-21__12-08-07(1).JPG","Odocoileus virginianus","Species|Odocoileus virginianus","2018-05-21 12:08:00","2018-05-21"
"297",1753,"CB18P13","Odocoileus virginianus","21/05/2018 18:38:00","21/05/2018","18:38:15",23405,390,6.5,0.3,"Imagenes_renombradas/CB18P13","CB18P13__2018-05-21__18-38-15(1).JPG","Odocoileus virginianus","Species|Odocoileus virginianus","2018-05-21 18:38:00","2018-05-21"
"298",1754,"CB18P13","Odocoileus virginianus","26/05/2018 19:13:00","26/05/2018","19:13:28",434110,7235,120.6,5,"Imagenes_renombradas/CB18P13","CB18P13__2018-05-26__19-13-28(1).JPG","Odocoileus virginianus","Species|Odocoileus virginianus","2018-05-26 19:13:00","2018-05-26"
"299",1755,"CB18P13","Odocoileus virginianus","27/05/2018 22:10:00","27/05/2018","22:10:02",96921,1615,26.9,1.1,"Imagenes_renombradas/CB18P13","CB18P13__2018-05-27__22-10-02(1).JPG","Odocoileus virginianus","Species|Odocoileus virginianus","2018-05-27 22:10:00","2018-05-27"
"300",1756,"CB18P13","Odocoileus virginianus","28/05/2018 21:16:00","28/05/2018","21:16:47",83202,1387,23.1,1,"Imagenes_renombradas/CB18P13","CB18P13__2018-05-28__21-16-47(1).JPG","Odocoileus virginianus","Species|Odocoileus virginianus","2018-05-28 21:16:00","2018-05-28"
"301",1757,"CB18P13","Odocoileus virginianus","01/06/2018 18:56:00","1/06/2018","18:56:26",337176,5620,93.7,3.9,"Imagenes_renombradas/CB18P13","CB18P13__2018-06-01__18-56-26(1).JPG","Odocoileus virginianus","Species|Odocoileus virginianus","2018-06-01 18:56:00","2018-06-01"
"302",1758,"CB18P13","Odocoileus virginianus","02/06/2018 0:03:00","2/06/2018","0:03:51",18445,307,5.1,0.2,"Imagenes_renombradas/CB18P13","CB18P13__2018-06-02__00-03-51(1).JPG","Odocoileus virginianus","Species|Odocoileus virginianus","2018-06-02 00:03:00","2018-06-02"
"303",1759,"CB18P13","Odocoileus virginianus","04/06/2018 20:14:00","4/06/2018","20:14:20",245426,4090,68.2,2.8,"Imagenes_renombradas/CB18P13","CB18P13__2018-06-04__20-14-20(1).JPG","Odocoileus virginianus","Species|Odocoileus virginianus","2018-06-04 20:14:00","2018-06-04"
"304",1760,"CB18P13","Odocoileus virginianus","08/06/2018 11:54:00","8/06/2018","11:54:57",314490,5242,87.4,3.6,"Imagenes_renombradas/CB18P13","CB18P13__2018-06-08__11-54-57(1).JPG","Odocoileus virginianus","Species|Odocoileus virginianus","2018-06-08 11:54:00","2018-06-08"
"305",1761,"CB18P13","Odocoileus virginianus","09/06/2018 23:11:00","9/06/2018","23:11:09",126972,2116,35.3,1.5,"Imagenes_renombradas/CB18P13","CB18P13__2018-06-09__23-11-09(1).JPG","Odocoileus virginianus","Species|Odocoileus virginianus","2018-06-09 23:11:00","2018-06-09"
"306",1762,"CB18P13","Odocoileus virginianus","11/06/2018 23:42:00","11/06/2018","23:42:40",174668,2911,48.5,2,"Imagenes_renombradas/CB18P13","CB18P13__2018-06-11__23-42-40(1).JPG","Odocoileus virginianus","Species|Odocoileus virginianus","2018-06-11 23:42:00","2018-06-11"
"307",1763,"CB18P13","Odocoileus virginianus","12/06/2018 1:38:00","12/06/2018","1:38:46",6962,116,1.9,0.1,"Imagenes_renombradas/CB18P13","CB18P13__2018-06-12__01-38-46(1).JPG","Odocoileus virginianus","Species|Odocoileus virginianus","2018-06-12 01:38:00","2018-06-12"
"308",1764,"CB18P13","Odocoileus virginianus","12/06/2018 23:06:00","12/06/2018","23:06:03",77234,1287,21.4,0.9,"Imagenes_renombradas/CB18P13","CB18P13__2018-06-12__23-06-03(1).JPG","Odocoileus virginianus","Species|Odocoileus virginianus","2018-06-12 23:06:00","2018-06-12"
"309",1765,"CB18P13","Odocoileus virginianus","13/06/2018 2:15:00","13/06/2018","2:15:54",7756,129,2.1,0.1,"Imagenes_renombradas/CB18P13","CB18P13__2018-06-13__02-15-54(1).JPG","Odocoileus virginianus","Species|Odocoileus virginianus","2018-06-13 02:15:00","2018-06-13"
"310",1766,"CB18P13","Odocoileus virginianus","13/06/2018 4:29:00","13/06/2018","4:29:43",8029,134,2.2,0.1,"Imagenes_renombradas/CB18P13","CB18P13__2018-06-13__04-29-43(1).JPG","Odocoileus virginianus","Species|Odocoileus virginianus","2018-06-13 04:29:00","2018-06-13"
"311",1767,"CB18P13","Odocoileus virginianus","15/06/2018 23:45:00","15/06/2018","23:45:18",242132,4036,67.3,2.8,"Imagenes_renombradas/CB18P13","CB18P13__2018-06-15__23-45-18(1).JPG","Odocoileus virginianus","Species|Odocoileus virginianus","2018-06-15 23:45:00","2018-06-15"
"312",1768,"CB18P13","Odocoileus virginianus","18/06/2018 22:50:00","18/06/2018","22:50:10",255889,4265,71.1,3,"Imagenes_renombradas/CB18P13","CB18P13__2018-06-18__22-50-10(1).JPG","Odocoileus virginianus","Species|Odocoileus virginianus","2018-06-18 22:50:00","2018-06-18"
"313",1769,"CB18P13","Odocoileus virginianus","27/06/2018 1:46:00","27/06/2018","1:46:12",701614,11694,194.9,8.1,"Imagenes_renombradas/CB18P13","CB18P13__2018-06-27__01-46-12(1).JPG","Odocoileus virginianus","Species|Odocoileus virginianus","2018-06-27 01:46:00","2018-06-27"
"314",1770,"CB18P13","Odocoileus virginianus","27/06/2018 4:40:00","27/06/2018","4:40:57",10482,175,2.9,0.1,"Imagenes_renombradas/CB18P13","CB18P13__2018-06-27__04-40-57(1).JPG","Odocoileus virginianus","Species|Odocoileus virginianus","2018-06-27 04:40:00","2018-06-27"
"315",1771,"CB18P13","Odocoileus virginianus","01/07/2018 12:08:00","1/07/2018","12:08:26",372427,6207,103.5,4.3,"Imagenes_renombradas/CB18P13","CB18P13__2018-07-01__12-08-26(1).JPG","Odocoileus virginianus","Species|Odocoileus virginianus","2018-07-01 12:08:00","2018-07-01"
"316",1772,"CB18P13","Odocoileus virginianus","02/07/2018 14:12:00","2/07/2018","14:12:18",93830,1564,26.1,1.1,"Imagenes_renombradas/CB18P13","CB18P13__2018-07-02__14-12-18(1).JPG","Odocoileus virginianus","Species|Odocoileus virginianus","2018-07-02 14:12:00","2018-07-02"
"317",1773,"CB18P13","Odocoileus virginianus","02/07/2018 18:09:00","2/07/2018","18:09:30",14213,237,4,0.2,"Imagenes_renombradas/CB18P13","CB18P13__2018-07-02__18-09-30(1).JPG","Odocoileus virginianus","Species|Odocoileus virginianus","2018-07-02 18:09:00","2018-07-02"
"318",1793,"CB18P14","Odocoileus virginianus","09/05/2018 11:29:00","9/05/2018","11:29:45",0,0,0,0,"Imagenes_renombradas/CB18P14","CB18P14__2018-05-09__11-29-45(1).JPG","Odocoileus virginianus","Species|Odocoileus virginianus","2018-05-09 11:29:00","2018-05-09"
"319",1794,"CB18P14","Odocoileus virginianus","16/05/2018 22:26:00","16/05/2018","22:26:35",644207,10737,178.9,7.5,"Imagenes_renombradas/CB18P14","CB18P14__2018-05-16__22-26-35(1).JPG","Odocoileus virginianus","Species|Odocoileus virginianus","2018-05-16 22:26:00","2018-05-16"
"320",1795,"CB18P14","Odocoileus virginianus","02/06/2018 18:53:00","2/06/2018","18:53:45",1456027,24267,404.4,16.8,"Imagenes_renombradas/CB18P14","CB18P14__2018-06-02__18-53-45(1).JPG","Odocoileus virginianus","Species|Odocoileus virginianus","2018-06-02 18:53:00","2018-06-02"
"321",1796,"CB18P14","Odocoileus virginianus","01/07/2018 21:29:00","1/07/2018","21:29:47",2514960,41916,698.6,29.1,"Imagenes_renombradas/CB18P14","CB18P14__2018-07-01__21-29-47(1).JPG","Odocoileus virginianus","Species|Odocoileus virginianus","2018-07-01 21:29:00","2018-07-01"
"322",1797,"CB18P14","Pecari tajacu","25/06/2018 20:13:00","25/06/2018","20:13:27",0,0,0,0,"Imagenes_renombradas/CB18P14","CB18P14__2018-06-25__20-13-27(1).JPG","Pecari tajacu","Species|Pecari tajacu","2018-06-25 20:13:00","2018-06-25"
"323",1813,"CB18P15","Odocoileus virginianus","15/06/2018 20:45:00","15/06/2018","20:45:23",0,0,0,0,"Imagenes_renombradas/CB18P15","CB18P15__2018-06-15__20-45-23(1).JPG","Odocoileus virginianus","Species|Odocoileus virginianus","2018-06-15 20:45:00","2018-06-15"
"324",1814,"CB18P15","Odocoileus virginianus","12/07/2018 20:26:00","12/07/2018","20:26:49",2331666,38861,647.7,27,"Imagenes_renombradas/CB18P15","CB18P15__2018-07-12__20-26-49(1).JPG","Odocoileus virginianus","Species|Odocoileus virginianus","2018-07-12 20:26:00","2018-07-12"
"325",1815,"CB18P15","Odocoileus virginianus","13/07/2018 20:15:00","13/07/2018","20:15:36",85689,1428,23.8,1,"Imagenes_renombradas/CB18P15","CB18P15__2018-07-13__20-15-36(1).JPG","Odocoileus virginianus","Species|Odocoileus virginianus","2018-07-13 20:15:00","2018-07-13"
"326",1816,"CB18P15","Pecari tajacu","30/06/2018 12:23:00","30/06/2018","12:23:47",0,0,0,0,"Imagenes_renombradas/CB18P15","CB18P15__2018-06-30__12-23-47(1).JPG","Pecari tajacu","Species|Pecari tajacu","2018-06-30 12:23:00","2018-06-30"
"327",1817,"CB18P15","Pecari tajacu","11/08/2018 21:44:00","11/08/2018","21:44:27",3662437,61041,1017.4,42.4,"Imagenes_renombradas/CB18P15","CB18P15__2018-08-11__21-44-27(1).JPG","Pecari tajacu","Species|Pecari tajacu","2018-08-11 21:44:00","2018-08-11"
"328",1847,"CB18P26","Conepatus leuconotus","27/06/2018 22:13:00","27/06/2018","22:13:26",0,0,0,0,"Imagenes_renombradas/CB18P26","CB18P26__2018-06-27__22-13-26(1).JPG","Conepatus leuconotus","Species|Conepatus leuconotus","2018-06-27 22:13:00","2018-06-27"
"329",1848,"CB18P26","Conepatus leuconotus","03/07/2018 4:46:00","3/07/2018","4:46:31",455583,7593,126.5,5.3,"Imagenes_renombradas/CB18P26","CB18P26__2018-07-03__04-46-31(1).JPG","Conepatus leuconotus","Species|Conepatus leuconotus","2018-07-03 04:46:00","2018-07-03"
"330",1849,"CB18P26","Conepatus leuconotus","01/08/2018 4:45:00","1/08/2018","4:45:34",2505541,41759,696,29,"Imagenes_renombradas/CB18P26","CB18P26__2018-08-01__04-45-34(1).JPG","Conepatus leuconotus","Species|Conepatus leuconotus","2018-08-01 04:45:00","2018-08-01"
"331",1850,"CB18P26","Conepatus leuconotus","06/08/2018 23:05:00","6/08/2018","23:05:41",498005,8300,138.3,5.8,"Imagenes_renombradas/CB18P26","CB18P26__2018-08-06__23-05-41(1).JPG","Conepatus leuconotus","Species|Conepatus leuconotus","2018-08-06 23:05:00","2018-08-06"
"332",1851,"CB18P26","Conepatus leuconotus","08/08/2018 20:50:00","8/08/2018","20:50:37",164693,2745,45.8,1.9,"Imagenes_renombradas/CB18P26","CB18P26__2018-08-08__20-50-37(1).JPG","Conepatus leuconotus","Species|Conepatus leuconotus","2018-08-08 20:50:00","2018-08-08"
"333",1852,"CB18P26","Conepatus leuconotus","13/08/2018 1:45:00","13/08/2018","1:45:13",363274,6055,100.9,4.2,"Imagenes_renombradas/CB18P26","CB18P26__2018-08-13__01-45-13(1).JPG","Conepatus leuconotus","Species|Conepatus leuconotus","2018-08-13 01:45:00","2018-08-13"
"334",1854,"CB18P26","Odocoileus virginianus","11/08/2018 14:52:00","11/08/2018","14:52:04",0,0,0,0,"Imagenes_renombradas/CB18P26","CB18P26__2018-08-11__14-52-04(1).JPG","Odocoileus virginianus","Species|Odocoileus virginianus","2018-08-11 14:52:00","2018-08-11"
"335",1891,"CB18P27","Odocoileus virginianus","11/03/2018 0:23:00","11/03/2018","0:23:28",0,0,0,0,"Imagenes_renombradas/CB18P27","CB18P27__2018-03-11__00-23-28(1).JPG","Odocoileus virginianus","Species|Odocoileus virginianus","2018-03-11 00:23:00","2018-03-11"
"336",1892,"CB18P27","Odocoileus virginianus","02/04/2018 18:31:00","2/04/2018","18:31:23",1966072,32768,546.1,22.8,"Imagenes_renombradas/CB18P27","CB18P27__2018-04-02__18-31-23(1).JPG","Odocoileus virginianus","Species|Odocoileus virginianus","2018-04-02 18:31:00","2018-04-02"
"337",1893,"CB18P27","Odocoileus virginianus","15/04/2018 8:44:00","15/04/2018","8:44:32",1087986,18133,302.2,12.6,"Imagenes_renombradas/CB18P27","CB18P27__2018-04-15__08-44-32(1).JPG","Odocoileus virginianus","Species|Odocoileus virginianus","2018-04-15 08:44:00","2018-04-15"
"338",1979,"CB18P28","Conepatus leuconotus","21/06/2018 20:14:00","21/06/2018","20:14:26",0,0,0,0,"Imagenes_renombradas/CB18P28","CB18P28__2018-06-21__20-14-26(1).JPG","Conepatus leuconotus","Species|Conepatus leuconotus","2018-06-21 20:14:00","2018-06-21"
"339",1980,"CB18P28","Conepatus leuconotus","22/06/2018 5:05:00","22/06/2018","5:05:33",29697,495,8.2,0.3,"Imagenes_renombradas/CB18P28","CB18P28__2018-06-22__05-05-33(1).JPG","Conepatus leuconotus","Species|Conepatus leuconotus","2018-06-22 05:05:00","2018-06-22"
"340",1981,"CB18P28","Conepatus leuconotus","23/06/2018 4:53:00","23/06/2018","4:53:15",85659,1428,23.8,1,"Imagenes_renombradas/CB18P28","CB18P28__2018-06-23__04-53-15(1).JPG","Conepatus leuconotus","Species|Conepatus leuconotus","2018-06-23 04:53:00","2018-06-23"
"341",1982,"CB18P28","Conepatus leuconotus","24/06/2018 5:20:00","24/06/2018","5:20:18",88020,1467,24.4,1,"Imagenes_renombradas/CB18P28","CB18P28__2018-06-24__05-20-18(1).JPG","Conepatus leuconotus","Species|Conepatus leuconotus","2018-06-24 05:20:00","2018-06-24"
"342",1983,"CB18P28","Conepatus leuconotus","29/06/2018 3:36:00","29/06/2018","3:36:44",425783,7096,118.3,4.9,"Imagenes_renombradas/CB18P28","CB18P28__2018-06-29__03-36-44(1).JPG","Conepatus leuconotus","Species|Conepatus leuconotus","2018-06-29 03:36:00","2018-06-29"
"343",1984,"CB18P28","Conepatus leuconotus","10/07/2018 5:35:00","10/07/2018","5:35:41",957537,15959,266,11.1,"Imagenes_renombradas/CB18P28","CB18P28__2018-07-10__05-35-41(1).JPG","Conepatus leuconotus","Species|Conepatus leuconotus","2018-07-10 05:35:00","2018-07-10"
"344",1985,"CB18P28","Conepatus leuconotus","14/07/2018 2:11:00","14/07/2018","2:11:55",333374,5556,92.6,3.9,"Imagenes_renombradas/CB18P28","CB18P28__2018-07-14__02-11-55(1).JPG","Conepatus leuconotus","Species|Conepatus leuconotus","2018-07-14 02:11:00","2018-07-14"
"345",1986,"CB18P28","Conepatus leuconotus","14/08/2018 3:44:00","14/08/2018","3:44:52",2683974,44733,745.5,31.1,"Imagenes_renombradas/CB18P28","CB18P28__2018-08-14__03-44-52(1).JPG","Conepatus leuconotus","Species|Conepatus leuconotus","2018-08-14 03:44:00","2018-08-14"
"346",1990,"CB18P28","Odocoileus virginianus","06/03/2018 14:32:00","6/03/2018","14:32:02",0,0,0,0,"Imagenes_renombradas/CB18P28","CB18P28__2018-03-06__14-32-02(1).JPG","Odocoileus virginianus","Species|Odocoileus virginianus","2018-03-06 14:32:00","2018-03-06"
"347",1991,"CB18P28","Odocoileus virginianus","16/03/2018 9:52:00","16/03/2018","9:52:37",847193,14120,235.3,9.8,"Imagenes_renombradas/CB18P28","CB18P28__2018-03-16__09-52-37(1).JPG","Odocoileus virginianus","Species|Odocoileus virginianus","2018-03-16 09:52:00","2018-03-16"
"348",1992,"CB18P28","Odocoileus virginianus","18/04/2018 17:09:00","18/04/2018","17:09:34",2877077,47951,799.2,33.3,"Imagenes_renombradas/CB18P28","CB18P28__2018-04-18__17-09-34(1).JPG","Odocoileus virginianus","Species|Odocoileus virginianus","2018-04-18 17:09:00","2018-04-18"
"349",1993,"CB18P28","Odocoileus virginianus","20/04/2018 18:32:00","20/04/2018","18:32:41",177765,2963,49.4,2.1,"Imagenes_renombradas/CB18P28","CB18P28__2018-04-20__18-32-41(1).JPG","Odocoileus virginianus","Species|Odocoileus virginianus","2018-04-20 18:32:00","2018-04-20"
"350",1994,"CB18P28","Odocoileus virginianus","26/04/2018 6:17:00","26/04/2018","6:17:20",474276,7905,131.8,5.5,"Imagenes_renombradas/CB18P28","CB18P28__2018-04-26__06-17-20(1).JPG","Odocoileus virginianus","Species|Odocoileus virginianus","2018-04-26 06:17:00","2018-04-26"
"351",1995,"CB18P28","Odocoileus virginianus","07/05/2018 13:04:00","7/05/2018","13:04:38",974835,16247,270.8,11.3,"Imagenes_renombradas/CB18P28","CB18P28__2018-05-07__13-04-38(1).JPG","Odocoileus virginianus","Species|Odocoileus virginianus","2018-05-07 13:04:00","2018-05-07"
"352",1996,"CB18P28","Odocoileus virginianus","27/06/2018 9:34:00","27/06/2018","9:34:04",4393763,73229,1220.5,50.9,"Imagenes_renombradas/CB18P28","CB18P28__2018-06-27__09-34-04(1).JPG","Odocoileus virginianus","Species|Odocoileus virginianus","2018-06-27 09:34:00","2018-06-27"
"353",1997,"CB18P28","Odocoileus virginianus","27/06/2018 10:46:00","27/06/2018","10:46:06",4319,72,1.2,0,"Imagenes_renombradas/CB18P28","CB18P28__2018-06-27__10-46-06(1).JPG","Odocoileus virginianus","Species|Odocoileus virginianus","2018-06-27 10:46:00","2018-06-27"
"354",1998,"CB18P28","Odocoileus virginianus","27/07/2018 2:43:00","27/07/2018","2:43:45",2563039,42717,712,29.7,"Imagenes_renombradas/CB18P28","CB18P28__2018-07-27__02-43-45(1).JPG","Odocoileus virginianus","Species|Odocoileus virginianus","2018-07-27 02:43:00","2018-07-27"
"355",1999,"CB18P28","Odocoileus virginianus","28/07/2018 9:32:00","28/07/2018","9:32:43",110938,1849,30.8,1.3,"Imagenes_renombradas/CB18P28","CB18P28__2018-07-28__09-32-43(1).JPG","Odocoileus virginianus","Species|Odocoileus virginianus","2018-07-28 09:32:00","2018-07-28"
"356",2000,"CB18P28","Odocoileus virginianus","30/07/2018 22:53:00","30/07/2018","22:53:00",220817,3680,61.3,2.6,"Imagenes_renombradas/CB18P28","CB18P28__2018-07-30__22-53-00(1).JPG","Odocoileus virginianus","Species|Odocoileus virginianus","2018-07-30 22:53:00","2018-07-30"
"357",2001,"CB18P28","Pecari tajacu","19/07/2018 19:27:00","19/07/2018","19:27:58",0,0,0,0,"Imagenes_renombradas/CB18P28","CB18P28__2018-07-19__19-27-58(1).JPG","Pecari tajacu","Species|Pecari tajacu","2018-07-19 19:27:00","2018-07-19"
"358",2063,"CB18P29","Conepatus leuconotus","13/08/2018 22:07:00","13/08/2018","22:07:07",0,0,0,0,"Imagenes_renombradas/CB18P29","CB18P29__2018-08-13__22-07-07(1).JPG","Conepatus leuconotus","Species|Conepatus leuconotus","2018-08-13 22:07:00","2018-08-13"
"359",2064,"CB18P29","Conepatus leuconotus","16/08/2018 21:07:00","16/08/2018","21:07:03",255596,4260,71,3,"Imagenes_renombradas/CB18P29","CB18P29__2018-08-16__21-07-03(1).JPG","Conepatus leuconotus","Species|Conepatus leuconotus","2018-08-16 21:07:00","2018-08-16"
"360",2077,"CB18P29","Odocoileus virginianus","01/06/2018 23:06:00","1/06/2018","23:06:15",0,0,0,0,"Imagenes_renombradas/CB18P29","CB18P29__2018-06-01__23-06-15(1).JPG","Odocoileus virginianus","Species|Odocoileus virginianus","2018-06-01 23:06:00","2018-06-01"
"361",2078,"CB18P29","Odocoileus virginianus","20/06/2018 14:44:00","20/06/2018","14:44:45",1611507,26858,447.6,18.7,"Imagenes_renombradas/CB18P29","CB18P29__2018-06-20__14-44-45(1).JPG","Odocoileus virginianus","Species|Odocoileus virginianus","2018-06-20 14:44:00","2018-06-20"
"362",2079,"CB18P29","Odocoileus virginianus","21/06/2018 1:26:00","21/06/2018","1:26:08",38401,640,10.7,0.4,"Imagenes_renombradas/CB18P29","CB18P29__2018-06-21__01-26-08(1).JPG","Odocoileus virginianus","Species|Odocoileus virginianus","2018-06-21 01:26:00","2018-06-21"
"363",2129,"CB18P30","Odocoileus virginianus","25/04/2018 8:02:00","25/04/2018","8:02:09",0,0,0,0,"Imagenes_renombradas/CB18P30","CB18P30__2018-04-25__08-02-09(1).JPG","Odocoileus virginianus","Species|Odocoileus virginianus","2018-04-25 08:02:00","2018-04-25"
"364",2130,"CB18P30","Odocoileus virginianus","20/06/2018 16:10:00","20/06/2018","16:10:39",4867707,81128,1352.1,56.3,"Imagenes_renombradas/CB18P30","CB18P30__2018-06-20__16-10-39(1).JPG","Odocoileus virginianus","Species|Odocoileus virginianus","2018-06-20 16:10:00","2018-06-20"
"365",2132,"CB18P32","Odocoileus virginianus","12/03/2018 2:50:00","12/03/2018","2:50:55",0,0,0,0,"Imagenes_renombradas/CB18P32","CB18P32__2018-03-12__02-50-55(1).JPG","Odocoileus virginianus","Species|Odocoileus virginianus","2018-03-12 02:50:00","2018-03-12"
"366",2133,"CB18P32","Odocoileus virginianus","25/03/2018 3:23:00","25/03/2018","3:23:18",1124935,18749,312.5,13,"Imagenes_renombradas/CB18P32","CB18P32__2018-03-25__03-23-18(1).JPG","Odocoileus virginianus","Species|Odocoileus virginianus","2018-03-25 03:23:00","2018-03-25"
"367",2134,"CB18P32","Odocoileus virginianus","01/04/2018 7:25:00","1/04/2018","7:25:13",619314,10322,172,7.2,"Imagenes_renombradas/CB18P32","CB18P32__2018-04-01__07-25-13(1).JPG","Odocoileus virginianus","Species|Odocoileus virginianus","2018-04-01 07:25:00","2018-04-01"
"368",2135,"CB18P32","Odocoileus virginianus","08/04/2018 23:15:00","8/04/2018","23:15:14",661801,11030,183.8,7.7,"Imagenes_renombradas/CB18P32","CB18P32__2018-04-08__23-15-14(1).JPG","Odocoileus virginianus","Species|Odocoileus virginianus","2018-04-08 23:15:00","2018-04-08"
"369",2136,"CB18P32","Odocoileus virginianus","14/04/2018 7:11:00","14/04/2018","7:11:35",460577,7676,127.9,5.3,"Imagenes_renombradas/CB18P32","CB18P32__2018-04-14__07-11-35(1).JPG","Odocoileus virginianus","Species|Odocoileus virginianus","2018-04-14 07:11:00","2018-04-14"
"370",2137,"CB18P32","Odocoileus virginianus","25/05/2018 3:42:00","25/05/2018","3:42:06",3529747,58829,980.5,40.9,"Imagenes_renombradas/CB18P32","CB18P32__2018-05-25__03-42-06(1).JPG","Odocoileus virginianus","Species|Odocoileus virginianus","2018-05-25 03:42:00","2018-05-25"
"371",2138,"CB18P9","Conepatus leuconotus","15/07/2018 3:08:00","15/07/2018","3:08:38",0,0,0,0,"Imagenes_renombradas/CB18P9","CB18P9__2018-07-15__03-08-38(1).JPG","Conepatus leuconotus","Species|Conepatus leuconotus","2018-07-15 03:08:00","2018-07-15"
"372",2139,"CB18P9","Odocoileus virginianus","05/05/2018 22:04:00","5/05/2018","22:04:48",0,0,0,0,"Imagenes_renombradas/CB18P9","CB18P9__2018-05-05__22-04-48(1).JPG","Odocoileus virginianus","Species|Odocoileus virginianus","2018-05-05 22:04:00","2018-05-05"
"373",2140,"CB18P9","Odocoileus virginianus","14/05/2018 8:23:00","14/05/2018","8:23:31",728321,12139,202.3,8.4,"Imagenes_renombradas/CB18P9","CB18P9__2018-05-14__08-23-31(1).JPG","Odocoileus virginianus","Species|Odocoileus virginianus","2018-05-14 08:23:00","2018-05-14"
"374",2141,"CB18P9","Odocoileus virginianus","18/05/2018 3:17:00","18/05/2018","3:17:52",327209,5453,90.9,3.8,"Imagenes_renombradas/CB18P9","CB18P9__2018-05-18__03-17-52(1).JPG","Odocoileus virginianus","Species|Odocoileus virginianus","2018-05-18 03:17:00","2018-05-18"
"375",2142,"CB18P9","Odocoileus virginianus","05/06/2018 1:30:00","5/06/2018","1:30:37",1548694,25812,430.2,17.9,"Imagenes_renombradas/CB18P9","CB18P9__2018-06-05__01-30-37(1).JPG","Odocoileus virginianus","Species|Odocoileus virginianus","2018-06-05 01:30:00","2018-06-05"
"376",2143,"CB18P9","Odocoileus virginianus","05/06/2018 5:03:00","5/06/2018","5:03:46",12655,211,3.5,0.1,"Imagenes_renombradas/CB18P9","CB18P9__2018-06-05__05-03-46(1).JPG","Odocoileus virginianus","Species|Odocoileus virginianus","2018-06-05 05:03:00","2018-06-05"
"377",2144,"CB18P9","Odocoileus virginianus","16/06/2018 13:53:00","16/06/2018","13:53:12",982164,16369,272.8,11.4,"Imagenes_renombradas/CB18P9","CB18P9__2018-06-16__13-53-12(1).JPG","Odocoileus virginianus","Species|Odocoileus virginianus","2018-06-16 13:53:00","2018-06-16"
